episode,step,action,reward,energy_used,mission_time,risk_score,battery,time_left,f2_energy,f3_time,f4_risk
0,0,3,0.9804386145655268,0.024433155988989857,0.9617057700930584,0.7508442456284316,0.9755668440110101,0.9807658845981388,0.9755668440110101,0.9807658845981388,0.9849831150874314
0,1,3,0.9616495043720054,0.04636273203556314,1.7191037290031732,1.7153340134178623,0.9536372679644368,0.9656179254199365,0.9536372679644368,0.9656179254199365,0.9656933197316427
0,2,0,0.9501331372843423,0.06334484909817328,2.426466340338996,1.8863206121009939,0.9366551509018267,0.9514706731932201,0.9366551509018267,0.9514706731932201,0.9622735877579801
0,3,0,0.9386911607253378,0.0866696274700407,2.943301520330116,1.9195429973671712,0.9133303725299593,0.9411339695933977,0.9133303725299593,0.9411339695933977,0.9616091400526565
0,4,2,0.9309207986843853,0.10463310851408561,3.070709188777556,2.0595155828603726,0.8953668914859144,0.9385858162244489,0.8953668914859144,0.9385858162244489,0.9588096883427926
0,5,2,0.917502577708745,0.12117325745875901,3.845038164134472,2.470912306615827,0.878826742541241,0.9230992367173106,0.878826742541241,0.9230992367173105,0.9505817538676835
0,6,2,0.9054366657706235,0.13693763814702495,4.001772624836911,3.3358456022183196,0.8630623618529751,0.9199645475032618,0.863062361852975,0.9199645475032618,0.9332830879556336
0,7,3,0.8876266497609068,0.16242182188279947,4.98766911575022,3.747242325973774,0.8375781781172006,0.9002466176849957,0.8375781781172005,0.9002466176849956,0.9250551534805245
0,8,3,0.8746397913918625,0.185666386998834,5.633497029811939,3.887214911466976,0.814333613001166,0.8873300594037613,0.814333613001166,0.8873300594037612,0.9222557017706605
0,9,3,0.8607790984981211,0.21572318962764228,6.176538447166582,3.9204372967331533,0.7842768103723577,0.8764692310566684,0.7842768103723577,0.8764692310566684,0.9215912540653369
0,10,3,0.8419574861541658,0.24703836745003027,6.451446447815266,4.9030122565583465,0.7529616325499697,0.8709710710436948,0.7529616325499697,0.8709710710436946,0.901939754868833
0,11,3,0.8203165024399283,0.2884478238572057,7.253830433808878,5.2763030073416015,0.7115521761427943,0.8549233913238226,0.7115521761427943,0.8549233913238224,0.894473939853168
0,12,3,0.806397855491876,0.31209422832745476,7.7392318827136455,5.696378377132212,0.6879057716725453,0.8452153623457273,0.6879057716725452,0.845215362345727,0.8860724324573558
0,13,3,0.7419349439366681,0.327428861464834,8.721861589335262,6.116453746922822,0.672571138535166,0.8255627682132949,0.672571138535166,0.8255627682132948,0.8776709250615435
0,14,3,0.7286772169923073,0.35033364939502265,9.14520586468934,6.5365291167134325,0.6496663506049775,0.8170958827062134,0.6496663506049773,0.8170958827062133,0.8692694176657314
0,15,3,0.7104906062425972,0.3778201415051672,10.078797501848022,6.956604486504043,0.6221798584948329,0.7984240499630397,0.6221798584948328,0.7984240499630395,0.8608679102699192
0,16,3,0.6946535784340703,0.39903823757014706,10.973371500087435,7.376679856294653,0.6009617624298531,0.7805325699982515,0.6009617624298529,0.7805325699982513,0.8524664028741069
0,17,3,0.6778870964528195,0.4311575112194405,11.46230474501977,7.7967552260852635,0.5688424887805597,0.7707539050996048,0.5688424887805594,0.7707539050996046,0.8440648954782948
0,18,3,0.6608656325787631,0.46116556259840574,12.095046387389374,8.216830595875875,0.5388344374015944,0.7580990722522127,0.5388344374015943,0.7580990722522125,0.8356633880824825
0,19,3,0.6460798559708675,0.4856787178526931,12.667179746068737,8.636905965666486,0.5143212821473071,0.7466564050786255,0.5143212821473069,0.7466564050786253,0.8272618806866703
0,20,3,0.6324570665251669,0.5145907931473112,12.844919028402314,9.056981335457097,0.485409206852689,0.743101619431954,0.48540920685268885,0.7431016194319537,0.818860373290858
0,21,1,0.661541063558551,0.544191942705066,13.558142244589376,10.00110108637466,0.4558080572949341,0.7288371551082127,0.455808057294934,0.7288371551082125,0.7999779782725068
0,22,1,0.6539807136664274,0.5519731584409987,14.080690717224464,10.22354431076148,0.44802684155900147,0.7183861856555109,0.4480268415590013,0.7183861856555107,0.7955291137847704
0,23,1,0.5917332282416095,0.5791327350876279,14.337391474228882,10.445987535148298,0.42086726491237225,0.7132521705154226,0.42086726491237214,0.7132521705154223,0.791080249297034
0,24,1,0.5755109104518036,0.609660489433198,15.021908201034424,10.668430759535116,0.3903395105668021,0.6995618359793118,0.39033951056680205,0.6995618359793114,0.7866313848092976
0,25,1,0.5667855189439589,0.6265101382604232,15.265791261463058,10.890873983921935,0.3734898617395768,0.6946841747707391,0.37348986173957677,0.6946841747707388,0.7821825203215613
0,26,1,0.5587008089635462,0.6426331334979308,15.449904772262762,11.113317208308754,0.3573668665020693,0.691001904554745,0.35736686650206917,0.6910019045547448,0.7777336558338249
0,27,1,0.5434927062739795,0.6689161819429704,16.194524529058977,11.335760432695572,0.3310838180570297,0.6761095094188206,0.3310838180570296,0.6761095094188205,0.7732847913460885
0,28,1,0.5255439389586852,0.6991466345491679,17.152873771656427,11.558203657082391,0.3008533654508322,0.6569425245668716,0.3008533654508321,0.6569425245668714,0.7688359268583522
0,29,1,0.5106559756428947,0.7218272529089169,18.029594126650743,11.78064688146921,0.2781727470910832,0.6394081174669853,0.2781727470910831,0.6394081174669852,0.7643870623706158
0,30,1,0.49547891704223174,0.7438222097037365,18.983961852622393,12.003090105856028,0.2561777902962637,0.6203207629475523,0.25617779029626353,0.6203207629475521,0.7599381978828794
0,31,1,0.47797319255305143,0.7765302350807706,19.751976032760908,12.225533330242847,0.22346976491922962,0.604960479344782,0.22346976491922943,0.6049604793447818,0.7554893333951431
0,32,1,0.46480633248570274,0.7943655125223162,20.612797946399123,12.447976554629665,0.20563448747768395,0.5877440410720177,0.20563448747768376,0.5877440410720176,0.7510404689074067
0,33,1,0.4519477624073071,0.8247197542092152,20.801428149426698,12.670419779016484,0.17528024579078505,0.5839714370114663,0.17528024579078483,0.583971437011466,0.7465916044196703
0,34,1,0.44385539014490694,0.8331453369277957,21.37156162847088,12.892863003403303,0.1668546630722045,0.5725687674305826,0.1668546630722043,0.5725687674305824,0.742142739931934
0,35,1,0.4319437463522167,0.8618470284964069,21.500780394557015,13.115306227790121,0.13815297150359324,0.5699843921088599,0.13815297150359307,0.5699843921088596,0.7376938754441975
0,36,1,0.41905176536104644,0.8896703815254625,21.820966667392973,13.33774945217694,0.1103296184745376,0.5635806666521407,0.11032961847453748,0.5635806666521406,0.7332450109564612
0,37,3,0.45702952425489035,0.9043947681714969,22.669334127277896,13.556498825913712,0.0956052318285032,0.5466133174544422,0.09560523182850311,0.5466133174544421,0.7288700234817258
0,38,3,0.4429064021663957,0.9321046143984912,22.83273659462764,14.12607236048845,0.06789538560150887,0.5433452681074473,0.06789538560150876,0.5433452681074472,0.717478552790231
0,39,3,0.4243371239971035,0.9600864445955161,23.766927775136804,14.578181395521876,0.03991355540448409,0.524661444497264,0.039913555404483936,0.5246614444972639,0.7084363720895626
0,40,3,0.4054581230689343,0.9872701245891765,24.269357231583058,15.548418078617976,0.012729875410823648,0.514612855368339,0.012729875410823488,0.5146128553683389,0.6890316384276405
0,41,3,0.33533638562598844,1.0129343153902497,25.03417162487516,16.518654761714078,-0.012934315390249532,0.499316567502497,-0.012934315390249695,0.49931656750249676,0.6696269047657184
0,42,3,0.3138346284365957,1.0398875914136496,25.94153471901799,17.48889144481018,-0.039887591413649545,0.4811693056196404,-0.039887591413649615,0.4811693056196402,0.6502221711037964
1,0,3,0.9805301746124556,0.027962061255758962,0.7982228969397859,0.7241478484039084,0.972037938744241,0.9840355420612042,0.972037938744241,0.9840355420612042,0.9855170430319218
1,1,0,0.9679586110568125,0.05614968695243694,0.974932651204854,1.0237913426514351,0.9438503130475631,0.9805013469759029,0.9438503130475631,0.980501346975903,0.9795241731469713
1,2,3,0.9509317858287111,0.08374762725167939,1.6888397140665532,1.4840110490428224,0.9162523727483206,0.9662232057186688,0.9162523727483206,0.9662232057186689,0.9703197790191436
1,3,2,0.9338783283687677,0.11394563442983086,2.4373144799029585,1.783654543290349,0.8860543655701691,0.9512537104019407,0.8860543655701691,0.9512537104019408,0.964326909134193
1,4,0,0.9210863818911639,0.1387804099660172,2.7844320238629994,2.1135901941615627,0.8612195900339827,0.9443113595227399,0.8612195900339827,0.94431135952274,0.9577281961167687
1,5,3,0.9095388913075982,0.14698740080162453,3.2169727478864925,3.0028235158925627,0.8530125991983754,0.93566054504227,0.8530125991983755,0.9356605450422701,0.9399435296821488
1,6,2,0.8895492229748729,0.1822067054645106,4.124522113779737,3.3327591667637764,0.8177932945354893,0.9175095577244051,0.8177932945354894,0.9175095577244052,0.9333448166647245
1,7,3,0.8717873443886668,0.2081144734677539,4.604182179817507,4.221992488494776,0.791885526532246,0.9079163564036498,0.7918855265322461,0.9079163564036499,0.9155601502301045
1,8,2,0.8626186168861644,0.22530078507125545,4.790240074146578,4.55192813936599,0.7746992149287444,0.9041951985170683,0.7746992149287446,0.9041951985170684,0.9089614372126802
1,9,3,0.8448910724446109,0.25049258008347103,5.300548668037817,5.44116146109699,0.7495074199165288,0.8939890266392435,0.749507419916529,0.8939890266392436,0.8911767707780602
1,10,2,0.8330852424611463,0.27493709852111364,5.519261592804159,5.771097111968204,0.7250629014788862,0.8896147681439167,0.7250629014788863,0.8896147681439168,0.8845780577606359
1,11,3,0.8198180145231936,0.29075871505999135,5.829031634822198,6.660330433699204,0.7092412849400085,0.883419367303556,0.7092412849400087,0.8834193673035561,0.866793391326016
1,12,2,0.8028055245285376,0.3227752703108902,6.450141720604458,6.990266084570417,0.6772247296891096,0.8709971655879107,0.6772247296891099,0.8709971655879108,0.8601946783085916
1,13,3,0.7798715895098639,0.3573439504141488,7.272564646511558,7.879499406301417,0.642656049585851,0.8545487070697687,0.6426560495858512,0.8545487070697688,0.8424100118739717
1,14,3,0.7616012443875692,0.3830468446584292,8.215520043882659,8.391951065060505,0.6169531553415706,0.8356895991223467,0.6169531553415708,0.8356895991223469,0.8321609786987899
1,15,3,0.6987584301862023,0.4027659257676602,8.643536459867056,8.904402723819592,0.5972340742323395,0.8271292708026589,0.5972340742323399,0.8271292708026589,0.8219119455236081
1,16,3,0.6781531599486631,0.43613086494694664,9.553628377774512,9.416854382578679,0.563869135053053,0.8089274324445097,0.5638691350530534,0.8089274324445097,0.8116629123484265
1,17,3,0.6634707902917069,0.45822930768152065,10.138610030830147,9.929306041337766,0.541770692318479,0.797227799383397,0.5417706923184793,0.797227799383397,0.8014138791732447
1,18,3,0.6446178595160917,0.4938470176267214,10.673212491153308,10.441757700096852,0.5061529823732782,0.7865357501769338,0.5061529823732787,0.7865357501769339,0.7911648459980629
1,19,3,0.6321148907573403,0.5136920600642069,11.043954024332661,10.95420935885594,0.4863079399357927,0.7791209195133467,0.48630793993579313,0.7791209195133468,0.7809158128228813
1,20,3,0.6118274310675956,0.5482277971681927,11.847834463835994,11.466661017615026,0.45177220283180686,0.76304331072328,0.4517722028318073,0.7630433107232801,0.7706667796476995
1,21,3,0.6009060665018878,0.5636293072600764,12.20351198533889,11.979112676374113,0.4363706927399232,0.7559297602932221,0.43637069273992357,0.7559297602932222,0.7604177464725177
1,22,3,0.5850722949150166,0.5988334015669076,12.305921349268946,12.4915643351332,0.40116659843309205,0.753881573014621,0.40116659843309244,0.7538815730146211,0.750168713297336
1,23,3,0.5679679102568677,0.6252048666346688,13.040554135844118,13.004015993892287,0.3747951333653308,0.7391889172831175,0.3747951333653312,0.7391889172831176,0.7399196801221543
1,24,1,0.6048059336600422,0.6513967707151697,13.680728024108628,13.028543391126556,0.34860322928482995,0.7263854395178273,0.34860322928483034,0.7263854395178274,0.7394291321774689
1,25,1,0.5431543761639656,0.6796637677374993,13.990584400169357,13.053070788360825,0.3203362322625003,0.7201883119966127,0.32033623226250074,0.7201883119966128,0.7389385842327835
1,26,1,0.532796556340971,0.7016294081408456,14.421447956216959,13.077598185595095,0.2983705918591539,0.7115710408756607,0.2983705918591544,0.7115710408756608,0.7384480362880981
1,27,1,0.5237137395552132,0.724798842241132,14.600871371832058,13.102125582829364,0.27520115775886744,0.7079825725633587,0.275201157758868,0.7079825725633588,0.7379574883434128
1,28,1,0.5132046186884115,0.7476771816699216,15.008795133178554,13.126652980063634,0.2523228183300778,0.6998240973364288,0.2523228183300784,0.6998240973364289,0.7374669403987273
1,29,1,0.49986503321684544,0.7841736189087337,15.160383694738595,13.151180377297903,0.21582638109126562,0.696792326105228,0.21582638109126628,0.6967923261052281,0.736976392454042
1,30,1,0.48969709398700084,0.8116059694658726,15.289429654124067,13.175707774532173,0.1883940305341267,0.6942114069175186,0.1883940305341274,0.6942114069175187,0.7364858445093565
1,31,1,0.4723781716304369,0.8449355485994826,16.196261653693902,13.200235171766442,0.15506445140051675,0.6760747669261219,0.1550644514005174,0.676074766926122,0.7359952965646712
1,32,1,0.45967850760117396,0.8741142591085679,16.6177483353948,13.224762569000712,0.12588574089143145,0.6676450332921039,0.12588574089143212,0.667645033292104,0.7355047486199857
1,33,1,0.44576500392799306,0.9021777075311423,17.27707406800894,13.249289966234981,0.09782229246885703,0.6544585186398211,0.09782229246885765,0.6544585186398212,0.7350142006753004
1,34,1,0.4345869548343809,0.9313087184884776,17.47270348694972,13.27381736346925,0.06869128151152176,0.6505459302610055,0.06869128151152237,0.6505459302610056,0.7345236527306149
1,35,1,0.4218300131935436,0.9533956112944215,18.257372695543868,13.29834476070352,0.04660438870557783,0.6348525460891224,0.04660438870557848,0.6348525460891226,0.7340331047859296
1,36,1,0.40646220965943924,0.982435793078642,19.086006739214227,13.32287215793779,0.017564206921357295,0.6182798652157153,0.01756420692135796,0.6182798652157155,0.7335425568412441
1,37,1,0.39657537262192144,1.0052479614973646,19.4038964766715,13.347399555172059,-0.0052479614973653665,0.6119220704665699,-0.005247961497364617,0.61192207046657,0.7330520088965589
1,38,1,0.37767497964039715,1.0436437857487193,20.29463681409813,13.371926952406328,-0.043643785748720146,0.5941072637180372,-0.0436437857487193,0.5941072637180373,0.7325614609518734
2,0,3,0.9294954451495581,0.0271089892157701,0.8666277244815188,0.853606042296272,0.9728910107842299,0.9826674455103697,0.9728910107842299,0.9826674455103697,0.9829278791540745
2,1,0,0.9592814963577223,0.05367274269464334,1.8648223253236116,1.5593160862858797,0.9463272573053567,0.9627035534935278,0.9463272573053567,0.9627035534935278,0.9688136782742824
2,2,3,0.9462624591504807,0.07776971854226095,2.21759587049263,1.9545493298222165,0.9222302814577391,0.9556480825901474,0.922230281457739,0.9556480825901474,0.9609090134035556
2,3,3,0.9290713118988071,0.10687465517316877,3.0301811495549638,2.2653893069655324,0.8931253448268313,0.9393963770089008,0.8931253448268313,0.9393963770089008,0.9546922138606894
2,4,3,0.9160000308330621,0.12256950558249284,3.4875043986093703,2.9840156973066843,0.8774304944175072,0.9302499120278126,0.8774304944175072,0.9302499120278126,0.9403196860538663
2,5,3,0.9017948522268114,0.1437501001564336,4.223273918509681,3.3199932396469394,0.8562498998435665,0.9155345216298064,0.8562498998435664,0.9155345216298064,0.9336001352070612
2,6,3,0.8842974055568953,0.1624867836102459,5.1832854730920594,4.047764512861358,0.8375132163897542,0.8963342905381588,0.8375132163897541,0.8963342905381588,0.9190447097427729
2,7,3,0.8673190995283854,0.18370604403535637,5.853868960798704,4.862963908175671,0.8162939559646437,0.882922620784026,0.8162939559646436,0.882922620784026,0.9027407218364866
2,8,3,0.8554244398437563,0.20519719849053192,6.345847347276544,5.080626751633409,0.7948028015094681,0.8730830530544691,0.7948028015094681,0.8730830530544691,0.8983874649673318
2,9,3,0.790918142262053,0.2353715602574429,6.795411052728739,5.2982895950911475,0.7646284397425571,0.8640917789454252,0.7646284397425571,0.8640917789454252,0.894034208098177
2,10,3,0.7752409485284394,0.2713020662330211,7.132801970534155,5.515952438548886,0.7286979337669789,0.857343960589317,0.7286979337669789,0.857343960589317,0.8896809512290222
2,11,3,0.7580724286844936,0.29979725844043975,8.065657493297351,5.733615282006624,0.7002027415595603,0.838686850134053,0.7002027415595602,0.838686850134053,0.8853276943598676
2,12,3,0.7452698460351005,0.32016013348430855,8.750238295055118,5.951278125464362,0.6798398665156915,0.8249952340988976,0.6798398665156915,0.8249952340988976,0.8809744374907128
2,13,3,0.7242914602108204,0.3603359183316805,9.670544082870803,6.1689409689221,0.6396640816683196,0.806589118342584,0.6396640816683195,0.806589118342584,0.876621180621558
2,14,3,0.7137891074395031,0.38032881948175096,10.028589097607158,6.386603812379838,0.6196711805182491,0.7994282180478569,0.6196711805182491,0.7994282180478568,0.8722679237524033
2,15,3,0.700393099407402,0.39720426176657425,10.976555344723401,6.604266655837576,0.6027957382334258,0.780468893105532,0.6027957382334257,0.7804688931055319,0.8679146668832485
2,16,3,0.6811103925620727,0.43402507470051277,11.810257881368136,6.821929499295314,0.5659749252994872,0.7637948423726373,0.5659749252994872,0.7637948423726373,0.8635614100140937
2,17,3,0.6681659735061009,0.4518094964374151,12.645036809461056,7.0395923427530525,0.5481905035625849,0.7470992638107788,0.5481905035625849,0.747099263810779,0.8592081531449389
2,18,3,0.6571040015915754,0.4759713344336438,12.878577853370693,7.257255186210791,0.5240286655663562,0.742428442932586,0.5240286655663562,0.7424284429325861,0.8548548962757841
2,19,3,0.6364221919098931,0.5139830466183458,13.862600852930203,7.474918029668529,0.48601695338165424,0.7227479829413959,0.4860169533816542,0.7227479829413959,0.8505016394066294
2,20,3,0.6188924609883626,0.5465856645089919,14.644266753169756,7.692580873126267,0.4534143354910081,0.7071146649366048,0.45341433549100807,0.7071146649366049,0.8461483825374747
2,21,3,0.6101037296711083,0.5647133516713368,14.838529249182919,7.910243716584005,0.4352866483286632,0.7032294150163415,0.43528664832866315,0.7032294150163416,0.8417951256683199
2,22,3,0.60177205246698,0.5761247390844947,15.300048615686508,8.127906560041744,0.42387526091550537,0.6939990276862698,0.4238752609155053,0.6939990276862698,0.8374418687991652
2,23,3,0.5946503504909122,0.5880889597137586,15.55243003717575,8.345569403499482,0.4119110402862415,0.688951399256485,0.41191104028624137,0.6889513992564851,0.8330886119300104
2,24,3,0.5792948445265599,0.6185847678510328,16.113302681507157,8.56323224695722,0.38141523214896733,0.6777339463698568,0.3814152321489672,0.6777339463698568,0.8287353550608556
2,25,3,0.5627687388699611,0.6518145340172687,16.71306737822742,8.780895090414958,0.34818546598273137,0.6657386524354516,0.34818546598273126,0.6657386524354516,0.8243820981917008
2,26,3,0.5449319957658864,0.6849030353620696,17.51649093314087,8.998557933872696,0.31509696463793047,0.6496701813371827,0.31509696463793035,0.6496701813371826,0.820028841322546
2,27,3,0.5287952727121711,0.7133124607596915,18.29886527785931,9.216220777330435,0.28668753924030865,0.6340226944428139,0.28668753924030854,0.6340226944428138,0.8156755844533913
2,28,3,0.5111332441267132,0.7484503244493649,18.973613537736583,9.433883620788173,0.2515496755506352,0.6205277292452684,0.2515496755506351,0.6205277292452683,0.8113223275842365
2,29,3,0.4980885765806095,0.7721931697654878,19.525508560388285,9.65154646424591,0.2278068302345122,0.6094898287922345,0.2278068302345122,0.6094898287922343,0.8069690707150818
2,30,3,0.4802994759243317,0.8093279809527754,20.119470256007837,9.869209307703649,0.1906720190472247,0.5976105948798435,0.19067201904722464,0.5976105948798432,0.8026158138459271
2,31,3,0.4713074585274863,0.8281090735881801,20.311555390306673,10.086872151161387,0.17189092641181997,0.5937688921938667,0.1718909264118199,0.5937688921938665,0.7982625569767723
2,32,3,0.45922992835326587,0.8520255673964175,20.709697382570127,10.304534994619125,0.14797443260358245,0.5858060523485977,0.14797443260358245,0.5858060523485975,0.7939093001076175
2,33,3,0.44246175207648397,0.8890870834112384,21.15418517988862,10.522197838076863,0.11091291658876155,0.5769162964022279,0.11091291658876157,0.5769162964022276,0.7895560432384627
2,34,3,0.42572866221604544,0.9186148786414257,21.970096053987305,10.739860681534601,0.08138512135857437,0.5605980789202542,0.08138512135857434,0.5605980789202538,0.785202786369308
2,35,3,0.4112317612919681,0.9539917416378799,22.15812519931845,10.95752352499234,0.04600825836212009,0.5568374960136312,0.04600825836212008,0.556837496013631,0.7808495295001532
2,36,3,0.39592432421906265,0.9905469512371698,22.408817436832038,11.175186368450078,0.009453048762830214,0.5518236512633595,0.009453048762830152,0.5518236512633592,0.7764962726309984
2,37,3,0.37523927810593616,1.0288504807827594,23.378735033063787,11.392849211907816,-0.028850480782759404,0.5324252993387246,-0.028850480782759425,0.5324252993387242,0.7721430157618436
2,38,3,0.35555774886543123,1.0659513869212742,24.258256268756046,11.610512055365554,-0.0659513869212742,0.5148348746248794,-0.06595138692127422,0.5148348746248791,0.767789758892689
3,0,3,0.9853129355797489,0.026222519823645287,0.1537821261643546,0.7381515456910565,0.9737774801763547,0.9969243574767129,0.9737774801763547,0.9969243574767129,0.9852369690861789
3,1,0,0.9654274494988359,0.06549483605360229,0.2919911660173249,1.6191496064771878,0.9345051639463977,0.9941601766796535,0.9345051639463977,0.9941601766796535,0.9676170078704562
3,2,3,0.9527970605732324,0.08903250602867063,0.4537283172958208,2.1750872952857945,0.9109674939713294,0.9909254336540836,0.9109674939713294,0.9909254336540836,0.9564982540942841
3,3,0,0.9397282376288864,0.10950172173906769,0.8395970032423723,2.7260812654712807,0.8904982782609323,0.9832080599351526,0.8904982782609323,0.9832080599351526,0.9454783746905744
3,4,3,0.8808584369290082,0.11845045393743875,1.1716365281200551,3.277075235656767,0.8815495460625613,0.976567269437599,0.8815495460625613,0.9765672694375989,0.9344584952868646
3,5,3,0.8606638933146603,0.15304845858900873,1.9199238675082504,3.828069205842253,0.8469515414109914,0.9616015226498351,0.8469515414109913,0.961601522649835,0.9234386158831549
3,6,3,0.8405270754484652,0.18985219471504364,2.549265770950305,4.379063176027739,0.8101478052849564,0.949014684580994,0.8101478052849563,0.9490146845809939,0.9124187364794452
3,7,3,0.8266059061315777,0.21188084173450283,2.985014847324988,4.930057146213226,0.7881191582654973,0.9402997030535004,0.7881191582654972,0.9402997030535002,0.9013988570757354
3,8,3,0.8120709358434366,0.23431810966951372,3.4924030236101142,5.481051116398712,0.7656818903304864,0.9301519395277978,0.7656818903304863,0.9301519395277977,0.8903789776720258
3,9,3,0.797067934550134,0.26081242796756043,3.8671433325176743,6.032045086584198,0.7391875720324397,0.9226571333496466,0.7391875720324396,0.9226571333496465,0.879359098268316
3,10,3,0.7786304390216151,0.2912819449042715,4.558297844774459,6.5830390567696835,0.7087180550957286,0.9088340431045109,0.7087180550957285,0.9088340431045108,0.8683392188646063
3,11,3,0.7617234505497396,0.3220878364440406,5.003057568381852,7.134033026955169,0.6779121635559595,0.8999388486323631,0.6779121635559594,0.899938848632363,0.8573193394608967
3,12,3,0.7406342936713026,0.355612236844804,5.939217109923743,7.685026997140655,0.6443877631551962,0.8812156578015252,0.644387763155196,0.8812156578015251,0.8462994600571869
3,13,3,0.729839056230062,0.36586049947760924,6.4950956242841045,8.23602096732614,0.634139500522391,0.8700980875143179,0.6341395005223908,0.8700980875143179,0.8352795806534772
3,14,3,0.7071352514395787,0.4031484425752131,7.4852752177909165,8.787014937511627,0.5968515574247871,0.8502944956441817,0.5968515574247869,0.8502944956441817,0.8242597012497674
3,15,3,0.6901407342832051,0.4403423781575635,7.623762041943936,9.338008907697112,0.5596576218424367,0.8475247591611214,0.5596576218424365,0.8475247591611212,0.8132398218460577
3,16,3,0.676044754983866,0.45811990454185914,8.298288647444545,9.889002877882598,0.5418800954581411,0.8340342270511092,0.5418800954581409,0.8340342270511091,0.8022199424423481
3,17,3,0.658372639827646,0.4887566407876497,8.866275138402525,10.439996848068084,0.5112433592123505,0.8226744972319496,0.5112433592123503,0.8226744972319495,0.7912000630386383
3,18,3,0.6365270665589693,0.5268923242378228,9.685332986009886,10.99099081825357,0.4731076757621773,0.8062933402798024,0.47310767576217716,0.8062933402798023,0.7801801836349286
3,19,3,0.6249021761276367,0.5451917722048817,9.963100182171363,11.541984788439056,0.4548082277951185,0.8007379963565728,0.4548082277951183,0.8007379963565727,0.769160304231219
3,20,3,0.6055635635299662,0.5729132090916568,10.926826257297682,12.092978758624541,0.42708679090834334,0.7814634748540464,0.42708679090834323,0.7814634748540463,0.7581404248275092
3,21,3,0.5862526591388387,0.6070947228193029,11.563392259399002,12.643972728810027,0.39290527718069723,0.7687321548120201,0.3929052771806971,0.76873215481202,0.7471205454237995
3,22,1,0.6212938236871115,0.6316440206130183,12.023814998663722,13.199910417618634,0.36835597938698184,0.7595237000267256,0.3683559793869817,0.7595237000267255,0.7360017916476274
3,23,1,0.6078053917727114,0.6469132667601609,12.377123353228676,14.106404542856556,0.3530867332398392,0.7524575329354266,0.3530867332398391,0.7524575329354265,0.7178719091428689
3,24,1,0.5855436834207293,0.6836940046497996,13.030035023210344,14.953712231190291,0.31630599535020054,0.7393992995357933,0.31630599535020043,0.7393992995357932,0.7009257553761942
3,25,0,0.5684235802447061,0.6995760295697497,13.897455128378386,15.860206356428211,0.3004239704302504,0.7220508974324324,0.30042397043025026,0.7220508974324322,0.6827958728714358
3,26,1,0.5558511325047005,0.7149500392258228,14.167314118241833,16.707514044761947,0.2850499607741773,0.7166537176351635,0.2850499607741772,0.7166537176351633,0.665849719104761
3,27,0,0.5377376254170824,0.7471884235271686,14.365926841079354,17.614008169999867,0.2528115764728315,0.7126814631784131,0.25281157647283137,0.7126814631784129,0.6477198366000027
3,28,1,0.5162299197555806,0.7765532324464395,15.276534556007332,18.461315858333602,0.2234467675535607,0.6944693088798535,0.22344676755356052,0.6944693088798534,0.6307736828333279
3,29,1,0.44945330896018376,0.8004497514026193,15.750892539174133,19.308623546667338,0.19955024859738082,0.6849821492165175,0.19955024859738069,0.6849821492165173,0.6138275290666533
3,30,1,0.4316636355796626,0.829577361939824,16.11565533105835,20.155931235001074,0.17042263806017613,0.6776868933788331,0.170422638060176,0.677686893378833,0.5968813752999785
3,31,1,0.41578350092896266,0.8536768508175923,16.445393396441172,21.00323892333481,0.1463231491824079,0.6710921320711767,0.14632314918240774,0.6710921320711766,0.5799352215333038
3,32,1,0.39452867047672374,0.8839503002818223,17.272637802731786,21.850546611668545,0.11604969971817787,0.6545472439453645,0.11604969971817769,0.6545472439453643,0.5629890677666292
3,33,1,0.3804006130337834,0.9022343870002465,17.63033439491789,22.69785430000228,0.09776561299975373,0.6473933121016424,0.0977656129997535,0.6473933121016422,0.5460429139999544
3,34,1,0.36737255945533376,0.9203980988508874,17.829049150819554,23.545161988336016,0.07960190114911285,0.6434190169836091,0.07960190114911259,0.6434190169836089,0.5290967602332797
3,35,0,0.4029903545889589,0.9345304173846222,18.373269828851114,24.451656113573936,0.06546958261537805,0.632534603422978,0.06546958261537783,0.6325346034229777,0.5109668777285212
3,36,1,0.3848108267886101,0.9593007473808526,19.014374810758184,25.29896380190767,0.04069925261914769,0.6197125037848366,0.04069925261914742,0.6197125037848363,0.4940207239618466
3,37,0,0.3675585927342957,0.9889961484717583,19.21094573912214,26.20545792714559,0.01100385152824197,0.6157810852175575,0.011003851528241682,0.6157810852175573,0.47589084145708815
3,38,1,0.35317641743326417,1.0021052267770907,19.8655104306765,27.052765615479327,-0.0021052267770903365,0.6026897913864702,-0.002105226777090685,0.6026897913864699,0.4589446876904134
3,39,0,0.3328993249854287,1.0268887855408346,20.761402234426722,27.959259740717247,-0.026888785540834285,0.5847719553114658,-0.026888785540834625,0.5847719553114656,0.4408148051856551
4,0,3,0.981932127258948,0.0336115135868815,0.5647268319368053,0.46487839987692015,0.9663884864131185,0.9887054633612639,0.9663884864131185,0.9887054633612639,0.9907024320024616
4,1,3,0.9632378119848569,0.05335914067997978,1.419084777813409,1.4272863904590758,0.9466408593200202,0.9716183044437318,0.9466408593200202,0.9716183044437319,0.9714542721908185
4,2,3,0.9488957690718789,0.07530725299163227,1.659010676664096,2.241261312972459,0.9246927470083677,0.9668197864667181,0.9246927470083677,0.9668197864667181,0.9551747737405508
4,3,3,0.9339635302964608,0.09412833490890737,2.0887051215400256,3.110348588545481,0.9058716650910925,0.9582258975691995,0.9058716650910926,0.9582258975691995,0.9377930282290904
4,4,3,0.9222919108015235,0.11171744394439816,2.947115332095149,3.1232258504564196,0.8882825560556017,0.9410576933580971,0.8882825560556018,0.941057693358097,0.9375354829908716
4,5,2,0.9085467483981007,0.1287440698637931,3.2884711210658093,3.9923131260294418,0.8712559301362067,0.9342305775786839,0.8712559301362068,0.9342305775786838,0.9201537374794112
4,6,3,0.8920826182433617,0.1637117320104266,3.9968302750340463,4.005190387940381,0.8362882679895732,0.9200633944993192,0.8362882679895733,0.9200633944993191,0.9198961922411923
4,7,2,0.8729292278572119,0.199725899883696,4.200043163720007,4.8742776635134035,0.8002741001163038,0.9159991367256,0.8002741001163041,0.9159991367255998,0.9025144467297319
4,8,3,0.8637479226121302,0.22329405130079616,4.38595411771634,4.887154925424342,0.7767059486992036,0.9122809176456733,0.7767059486992038,0.9122809176456732,0.9022569014915132
4,9,2,0.8437988773491796,0.25217384933348674,5.065233729951357,5.756242200997365,0.747826150666513,0.898695325400973,0.7478261506665133,0.8986953254009729,0.8848751559800527
4,10,3,0.8292194691837214,0.28308633250605597,5.693643534230707,5.769119462908304,0.7169136674939438,0.886127129315386,0.716913667493944,0.8861271293153858,0.884617610741834
4,11,2,0.812970048192065,0.2993049871700614,6.451036674205852,6.638206738481326,0.7006950128299384,0.8709792665158831,0.7006950128299386,0.870979266515883,0.8672358652303734
4,12,3,0.8007894567410255,0.329390338598875,6.760980558510151,6.651084000392265,0.6706096614011248,0.8647803888297971,0.670609661401125,0.864780388829797,0.8669783199921547
4,13,3,0.7796178673337835,0.35578728645254687,7.669357212208003,7.5985983650971285,0.6442127135474529,0.8466128557558401,0.6442127135474531,0.8466128557558399,0.8480280326980574
4,14,3,0.7627843399497388,0.3967432375375923,7.891940150537808,7.853246980121741,0.6032567624624074,0.842161196989244,0.6032567624624077,0.8421611969892439,0.8429350603975652
4,15,3,0.7448974162660984,0.4259110023598885,8.48635364039497,8.483483801695838,0.5740889976401112,0.8302729271921008,0.5740889976401116,0.8302729271921006,0.8303303239660832
4,16,3,0.7319889141539919,0.44948407820687897,8.787376033871777,8.940082932685481,0.5505159217931207,0.8242524793225646,0.550515921793121,0.8242524793225645,0.8211983413462904
4,17,3,0.7202354007439563,0.4690410458844062,8.960763131054089,9.551874463132162,0.5309589541155935,0.8207847373789184,0.5309589541155938,0.8207847373789182,0.8089625107373568
4,18,3,0.6588499271663865,0.4859664144770968,9.210524207608339,10.163665993578842,0.5140335855229029,0.8157895158478334,0.5140335855229032,0.8157895158478332,0.7967266801284232
4,19,3,0.6444141299246732,0.5054490051803636,9.789972728255314,10.775457524025523,0.4945509948196361,0.8042005454348939,0.4945509948196364,0.8042005454348937,0.7844908495194896
4,20,3,0.6259816539681408,0.5359725961160939,10.416873044501978,11.387249054472203,0.4640274038839058,0.7916625391099607,0.46402740388390606,0.7916625391099604,0.7722550189105559
4,21,3,0.6115785860914514,0.5585317999119243,10.837581505767181,11.999040584918884,0.44146820008807547,0.7832483698846566,0.44146820008807575,0.7832483698846564,0.7600191883016223
4,22,3,0.5930262989601879,0.589928671451475,11.438789468032484,12.610832115365564,0.41007132854852474,0.7712242106393505,0.410071328548525,0.7712242106393503,0.7477833576926887
4,23,1,0.6239152308134731,0.6295630452395922,11.857999442383512,13.076563673615917,0.3704369547604076,0.76284001115233,0.37043695476040783,0.7628400111523297,0.7384687265276817
4,24,1,0.6081272958918844,0.6547100982379052,12.086680346740959,13.958720357581116,0.3452899017620946,0.7582663930651811,0.34528990176209484,0.7582663930651808,0.7208255928483777
4,25,1,0.5408344354505833,0.6819804699452491,12.43493414360373,14.840877041546316,0.31801953005475064,0.7513013171279257,0.3180195300547509,0.7513013171279254,0.7031824591690736
4,26,1,0.5260802233358544,0.7051420052850805,12.607832509856298,15.723033725511515,0.29485799471491925,0.7478433498028744,0.29485799471491947,0.747843349802874,0.6855393254897697
4,27,1,0.510186669582876,0.7320594906050008,12.763834622841845,16.605190409476712,0.267940509394999,0.7447233075431634,0.26794050939499925,0.7447233075431632,0.6678961918104658
4,28,1,0.4877818051985992,0.7630758105623228,13.691591598652062,17.48734709344191,0.23692418943767704,0.726168168026959,0.23692418943767724,0.7261681680269587,0.6502530581311617
4,29,1,0.469089542515392,0.7922762636102255,14.153251664772808,18.36950377740711,0.20772373638977432,0.7169349667045442,0.20772373638977448,0.7169349667045438,0.6326099244518577
4,30,1,0.44866864191703054,0.821970571184331,14.849514691856555,19.25166046137231,0.1780294288156688,0.7030097061628692,0.17802942881566897,0.7030097061628688,0.6149667907725538
4,31,1,0.4314905074764715,0.8417284496248655,15.556184251948494,20.13381714533751,0.15827155037513438,0.6888763149610304,0.15827155037513452,0.6888763149610302,0.5973236570932499
4,32,1,0.41763095717804016,0.8569071628836795,15.994024449807288,21.01597382930271,0.14309283711632031,0.6801195110038545,0.14309283711632048,0.6801195110038543,0.5796805234139458
4,33,1,0.3947933964371724,0.8972813299292305,16.51879352469472,21.89813051326791,0.10271867007076932,0.6696241295061058,0.10271867007076951,0.6696241295061056,0.5620373897346418
4,34,1,0.376138247476687,0.92030467981431,17.283741690548347,22.780287197233108,0.07969532018568981,0.6543251661890332,0.07969532018569003,0.654325166189033,0.5443942560553379
4,35,1,0.35916525868203397,0.9418658524125608,17.869474695868565,23.662443881198307,0.05813414758743898,0.6426105060826289,0.05813414758743918,0.6426105060826287,0.5267511223760339
4,36,1,0.3359142988979012,0.9801218012817012,18.56216453606625,24.544600565163506,0.019878198718298552,0.6287567092786752,0.019878198718298767,0.628756709278675,0.5091079886967298
4,37,1,0.32050344146255566,0.9995122140740546,19.022115827785218,25.426757249128705,0.00048778592594518264,0.6195576834442958,0.0004877859259454498,0.6195576834442956,0.4914648550174259
4,38,1,0.30843659635710785,1.0126239559837698,19.29439881415144,26.308913933093905,-0.012623955983769936,0.6141120237169714,-0.012623955983769752,0.6141120237169713,0.47382172133812195
4,39,1,0.28558204898684547,1.04656604180845,20.14331994449158,27.191070617059104,-0.046566041808450115,0.5971336011101686,-0.04656604180844992,0.5971336011101684,0.4561785876588179
5,0,3,0.9362391667642184,0.03466663326589258,0.26293750436883256,0.06785581770377547,0.9653333667341074,0.9947412499126234,0.9653333667341074,0.9947412499126234,0.9986428836459245
5,1,3,0.9263315034790806,0.055699875884714506,0.6295690484946435,0.13571163540755093,0.9443001241152855,0.9874086190301071,0.9443001241152855,0.9874086190301071,0.997285767291849
5,2,3,0.9176064202172689,0.07798519439871314,0.7562097943626882,0.2035674531113264,0.9220148056012869,0.9848758041127462,0.9220148056012869,0.9848758041127462,0.9959286509377735
5,3,3,0.900742198047278,0.11227735813061951,1.5033791155622147,0.27142327081510187,0.8877226418693805,0.9699324176887557,0.8877226418693804,0.9699324176887557,0.994571534583698
5,4,3,0.8895089595944989,0.13181147835655432,2.143803054478557,0.33927908851887734,0.8681885216434457,0.9571239389104289,0.8681885216434457,0.9571239389104289,0.9932144182296224
5,5,3,0.8744073940125513,0.15798634385981622,3.0324387989038386,0.4071349062226528,0.8420136561401839,0.9393512240219233,0.8420136561401838,0.9393512240219233,0.991857301875547
5,6,3,0.8632313825205301,0.18072512287745443,3.5040457541213277,0.47499072392642827,0.8192748771225457,0.9299190849175735,0.8192748771225455,0.9299190849175735,0.9905001855214715
5,7,3,0.8525427663766469,0.20912731779700153,3.619372612022684,0.5428465416302037,0.7908726822029986,0.9276125477595464,0.7908726822029984,0.9276125477595463,0.9891430691673959
5,8,3,0.8388033655228943,0.2440906225005421,3.864261687204761,0.6107023593339792,0.755909377499458,0.9227147662559049,0.7559093774994579,0.9227147662559048,0.9877859528133204
5,9,3,0.8251952216727129,0.2766760401402502,4.208356565042805,0.6785581770377547,0.7233239598597498,0.915832868699144,0.7233239598597498,0.9158328686991439,0.986428836459245
5,10,3,0.8165685395522809,0.2988922372226101,4.3236932112858275,0.7464139947415301,0.70110776277739,0.9135261357742835,0.7011077627773898,0.9135261357742834,0.9850717201051694
5,11,3,0.8003101214887166,0.33095420758619903,5.091501584937241,0.8142698124453056,0.669045792413801,0.8981699683012553,0.6690457924138009,0.8981699683012552,0.9837146037510939
5,12,3,0.7853846511313056,0.35987050604286147,5.8166513980119845,0.8821256301490811,0.6401294939571386,0.8836669720397604,0.6401294939571385,0.8836669720397603,0.9823574873970183
5,13,3,0.7720868715468331,0.3837646238737529,6.548756626434521,0.9499814478528565,0.6162353761262472,0.8690248674713097,0.6162353761262471,0.8690248674713096,0.9810003710429429
5,14,3,0.7570394158920016,0.41022605260229433,7.414947720528399,1.017837265556632,0.5897739473977058,0.8517010455894322,0.5897739473977057,0.851701045589432,0.9796432546888674
5,15,3,0.7444742780276087,0.4399210918338351,7.747110620906526,1.0856930832604075,0.5600789081661651,0.8450577875818697,0.5600789081661649,0.8450577875818694,0.9782861383347918
5,16,3,0.7306715678510318,0.47407728194923726,8.041851823919165,1.153548900964183,0.525922718050763,0.8391629635216169,0.5259227180507627,0.8391629635216167,0.9769290219807163
5,17,3,0.7159885209965667,0.5096652672867105,8.397053767511508,1.2214047186679586,0.4903347327132898,0.83205892464977,0.49033473271328953,0.8320589246497698,0.9755719056266409
5,18,3,0.704216924461683,0.5253883151499581,9.308785036877895,1.2892605363717342,0.47461168485004224,0.8138242992624424,0.4746116848500419,0.813824299262442,0.9742147892725653
5,19,1,0.7436465406310387,0.5508308996492457,9.580867014193599,1.3306069086882908,0.4491691003507546,0.8083826597161283,0.4491691003507543,0.808382659716128,0.9733878618262342
5,20,3,0.7241110835269625,0.5811804582132492,10.46350828859296,1.860806271700193,0.4188195417867512,0.7907298342281411,0.41881954178675085,0.7907298342281408,0.9627838745659961
5,21,1,0.7109935452461377,0.6138784086181438,10.723767586223106,1.933280195949049,0.38612159138185653,0.7855246482755383,0.3861215913818562,0.7855246482755379,0.961334396081019
5,22,1,0.6895602071857306,0.6434919193384518,11.614502399995564,2.7768705552222572,0.35650808066154854,0.7677099520000891,0.35650808066154815,0.7677099520000887,0.9444625888955549
5,23,1,0.6681602812959083,0.6700403790698704,12.602198556696994,3.6717402954232394,0.32995962093013,0.7479560288660605,0.32995962093012965,0.74795602886606,0.9265651940915351
5,24,1,0.6518791438034884,0.686248867315109,13.332381948558437,4.57330311516285,0.31375113268489135,0.7333523610288316,0.31375113268489097,0.7333523610288313,0.908533937696743
5,25,1,0.6390521793390208,0.7076876452162223,13.5130601770473,5.24473066128847,0.2923123547837781,0.7297387964590544,0.2923123547837777,0.729738796459054,0.8951053867742306
5,26,1,0.6256448436254182,0.7276284302188762,14.022007845337244,5.749844099906209,0.2723715697811241,0.7195598430932555,0.27237156978112376,0.719559843093255,0.8850031180018758
5,27,3,0.610004766907736,0.756387149019144,14.451310776158484,6.228616736723917,0.2436128509808564,0.7109737844768307,0.24361285098085605,0.7109737844768302,0.8754276652655216
5,28,1,0.5929485575718688,0.7888118840496032,15.198244916092271,6.418877245647249,0.21118811595039705,0.696035101678155,0.21118811595039677,0.6960351016781545,0.871622455087055
5,29,3,0.5714927265503258,0.8241594048913413,15.658704333315626,7.409416439568437,0.1758405951086589,0.6868259133336879,0.17584059510865868,0.6868259133336875,0.8518116712086312
5,30,1,0.5636843340732468,0.843824058665311,15.845827230657749,7.410319725089686,0.15617594133468926,0.6830834553868455,0.15617594133468904,0.683083455386845,0.8517936054982063
5,31,1,0.5479071282724843,0.8654750984628014,16.65128025241574,7.888895583571536,0.13452490153719884,0.6669743949516856,0.13452490153719865,0.6669743949516851,0.8422220883285693
5,32,3,0.5303386590584251,0.8904122907636314,17.464579903013142,8.46400670004152,0.10958770923636883,0.6507084019397377,0.10958770923636862,0.6507084019397371,0.8307198659991696
5,33,3,0.5113916568400094,0.916186490513284,18.02181980799163,9.460107140342757,0.08381350948671622,0.6395636038401679,0.08381350948671595,0.6395636038401674,0.8107978571931449
5,34,3,0.493299074104812,0.9537628857810875,18.62467769971747,9.69231689550635,0.0462371142189128,0.6275064460056511,0.04623711421891252,0.6275064460056505,0.806153662089873
5,35,3,0.47560385777517594,0.98208462957433,19.5094492562526,10.045740598754518,0.017915370425670322,0.6098110148749485,0.01791537042567004,0.609811014874948,0.7990851880249097
5,36,3,0.46037070158399485,1.0026013345462577,20.50569625932286,10.30863177576503,-0.0026013345462574562,0.5898860748135433,-0.002601334546257661,0.5898860748135428,0.7938273644846994
5,37,1,0.44262682946209725,1.0403536405798124,21.137794516189505,10.450499035505288,-0.04035364057981211,0.5772441096762104,-0.04035364057981239,0.57724410967621,0.7909900192898942
6,0,3,0.9778713443358291,0.03749735496350257,0.8353512854147914,0.6090793160357167,0.9625026450364974,0.9832929742917041,0.9625026450364974,0.9832929742917041,0.9878184136792857
6,1,3,0.9628064741441777,0.07041795058584316,1.2642774582081855,0.7938538908730041,0.9295820494141568,0.9747144508358363,0.9295820494141569,0.9747144508358363,0.9841229221825399
6,2,3,0.9420251090444972,0.10139282246696397,2.0759730231927973,1.5506194967844071,0.898607177533036,0.9584805395361441,0.898607177533036,0.9584805395361441,0.9689876100643119
6,3,3,0.9297774258360455,0.12838074235277736,2.4847332623735756,1.6296157445807244,0.8716192576472226,0.9503053347525285,0.8716192576472226,0.9503053347525285,0.9674076851083855
6,4,2,0.916124344825775,0.1417925453984284,3.1053396557202193,2.3863813504921274,0.8582074546015716,0.9378932068855956,0.8582074546015717,0.9378932068855956,0.9522723729901574
6,5,3,0.9070850933456326,0.16411094291302186,3.2663112542155757,2.4653775982884447,0.8358890570869781,0.9346737749156885,0.8358890570869781,0.9346737749156885,0.9506924480342311
6,6,2,0.8826335980630589,0.20709140827805717,4.0282466724384784,3.2221432041998477,0.7929085917219428,0.9194350665512304,0.7929085917219428,0.9194350665512304,0.9355571359160031
6,7,3,0.8722090991025123,0.22690135587979576,4.522427888637191,3.301139451996165,0.7730986441202042,0.9095514422272561,0.7730986441202042,0.9095514422272561,0.9339772109600767
6,8,2,0.8570226761378853,0.2545794622842598,4.659720407196638,4.057905057907568,0.7454205377157402,0.9068055918560672,0.7454205377157401,0.9068055918560672,0.9188418988418486
6,9,3,0.8423956337826617,0.2863486178564097,5.186322734076359,4.136901305703886,0.7136513821435904,0.8962735453184728,0.7136513821435904,0.8962735453184728,0.9172619738859222
6,10,2,0.827217162055632,0.30138783267313485,5.954367146383172,4.8936669116152895,0.6986121673268652,0.8809126570723366,0.6986121673268652,0.8809126570723366,0.9021266617676942
6,11,3,0.8224140276959621,0.30915859487808434,6.207302942289875,4.972663159411607,0.6908414051219156,0.8758539411542026,0.6908414051219156,0.8758539411542026,0.9005467368117679
6,12,2,0.7969251689298223,0.3519020031976563,7.136695735320823,5.729428765323011,0.6480979968023437,0.8572660852935836,0.6480979968023437,0.8572660852935835,0.8854114246935398
6,13,3,0.788742903817473,0.3701028758088707,7.374995623816175,5.8084250131193285,0.6298971241911293,0.8525000875236766,0.6298971241911293,0.8525000875236766,0.8838314997376134
6,14,1,0.7751058598113905,0.4046610225346522,7.513144719540861,5.987925182017959,0.5953389774653478,0.8497371056091828,0.5953389774653478,0.8497371056091828,0.8802414963596408
6,15,3,0.7525090046973437,0.4367806539413101,8.296727397772381,6.987889200560561,0.5632193460586898,0.8340654520445524,0.5632193460586898,0.8340654520445524,0.8602422159887888
6,16,1,0.7352475103813735,0.46428360231674193,8.907765986969952,7.590927339986932,0.535716397683258,0.821844680260601,0.5357163976832581,0.821844680260601,0.8481814532002614
6,17,3,0.6681809256922577,0.49995064038782544,9.081363647356762,8.193965479413302,0.5000493596121744,0.8183727270528648,0.5000493596121746,0.8183727270528648,0.836120690411734
6,18,3,0.6517737416469556,0.5263785563714566,9.618007315544146,8.797003618839673,0.4736214436285433,0.8076398536891171,0.4736214436285434,0.8076398536891171,0.8240599276232066
6,19,3,0.6354818265376717,0.5454297657713993,10.506195972513236,9.400041758266044,0.45457023422860054,0.7898760805497352,0.45457023422860066,0.7898760805497352,0.8119991648346792
6,20,3,0.6188492241046345,0.5721136321955511,11.063854876834839,10.003079897692414,0.4278863678044487,0.7787229024633032,0.4278863678044489,0.7787229024633032,0.7999384020461517
6,21,1,0.6580028606927998,0.5852640353277,11.492394069545911,10.54397506014911,0.4147359646722998,0.7701521186090817,0.4147359646723,0.7701521186090818,0.7891204987970177
6,22,3,0.5962579982245232,0.5991940845824851,12.016725814591464,11.084870222605806,0.4008059154175146,0.7596654837081707,0.40080591541751487,0.7596654837081707,0.7783025955478838
6,23,3,0.577330093257505,0.6356832848309627,12.49055638476361,11.625765385062502,0.364316715169037,0.7501888723047277,0.3643167151690373,0.7501888723047279,0.7674846922987499
6,24,1,0.6125135920390881,0.6629523294050127,13.043883959426974,11.931460764459182,0.337047670594987,0.7391223208114605,0.3370476705949873,0.7391223208114606,0.7613707847108164
6,25,1,0.5991762870481955,0.6898412650107215,13.402447553024246,12.22904613921036,0.31015873498927826,0.731951048939515,0.3101587349892785,0.7319510489395151,0.7554190772157928
6,26,1,0.5785997205557964,0.7238753888785826,13.993967027436646,13.022305445264763,0.2761246111214171,0.720120659451267,0.2761246111214174,0.720120659451267,0.7395538910947048
6,27,1,0.5612918909149004,0.7564845822639981,14.7946928650621,13.187294384502932,0.2435154177360017,0.7041061426987579,0.24351541773600194,0.704106142698758,0.7362541123099413
6,28,1,0.5442382273183456,0.7829627769161914,15.640243462315327,13.575883594123267,0.2170372230838083,0.6871951307536934,0.21703722308380857,0.6871951307536934,0.7284823281175347
6,29,1,0.48235595444930873,0.803294428886351,16.017412584542534,13.964472803743602,0.19670557111364873,0.6796517483091493,0.19670557111364895,0.6796517483091493,0.720710543925128
6,30,1,0.4713310228382059,0.8175837819746576,16.5680954621723,14.353062013363937,0.18241621802534214,0.668638090756554,0.18241621802534236,0.6686380907565541,0.7129387597327213
6,31,1,0.45483448526160014,0.8447462913024288,17.29586142265426,14.741651222984272,0.15525370869757088,0.6540827715469149,0.15525370869757116,0.6540827715469149,0.7051669755403145
6,32,1,0.437009218670575,0.8857862338687972,17.529065073369285,15.130240432604607,0.11421376613120253,0.6494186985326142,0.11421376613120282,0.6494186985326142,0.6973951913479078
6,33,1,0.42179638647917056,0.9203967572073923,17.69187452552986,15.518829642224942,0.0796032427926074,0.6461625094894027,0.07960324279260766,0.6461625094894028,0.6896234071555012
6,34,1,0.4105323760125619,0.9408612863270217,17.969660429919358,15.907418851845277,0.05913871367297806,0.6406067914016127,0.059138713672978294,0.6406067914016129,0.6818516229630944
6,35,1,0.3947421802043617,0.9634574697940347,18.819791418178397,16.296008061465614,0.03654253020596504,0.6236041716364319,0.03654253020596532,0.623604171636432,0.6740798387706877
6,36,1,0.38135567189890063,0.9852373290007872,19.350185494039597,16.68459727108595,0.014762670999212552,0.612996290119208,0.014762670999212801,0.6129962901192081,0.666308054578281
6,37,1,0.36687306066665754,1.005709110447039,20.110398896943142,17.073186480706283,-0.005709110447039228,0.597792022061137,-0.005709110447039034,0.5977920220611372,0.6585362703858744
6,38,1,0.3496942224192468,1.0367992444889467,20.74412872233903,17.46177569032662,-0.03679924448894689,0.5851174255532192,-0.03679924448894667,0.5851174255532194,0.6507644861934676
7,0,3,0.9831795535678133,0.018465862411101104,0.7357161524802924,0.8640576917926507,0.9815341375888988,0.9852856769503942,0.9815341375888988,0.9852856769503942,0.982718846164147
7,1,0,0.9735615384856949,0.03706984381130138,1.0925185746431647,1.0197584619375175,0.9629301561886986,0.9781496285071367,0.9629301561886986,0.9781496285071367,0.9796048307612496
7,2,0,0.9589024192539432,0.06813088370299342,1.5084849370276667,1.249607989731199,0.9318691162970065,0.9698303012594467,0.9318691162970065,0.9698303012594467,0.975007840205376
7,3,0,0.9462170848854369,0.08431261279395899,2.0595976176350788,1.7922090098514394,0.9156873872060409,0.9588080476472984,0.915687387206041,0.9588080476472984,0.9641558198029712
7,4,0,0.9294127245520422,0.10963589854832424,2.448282123358542,2.6580142664189053,0.8903641014516757,0.9510343575328292,0.8903641014516758,0.9510343575328292,0.9468397146716219
7,5,2,0.9115017793178782,0.13197755781585765,3.415972969153758,3.2598822423716136,0.8680224421841423,0.9316805406169248,0.8680224421841424,0.9316805406169248,0.9348023551525677
7,6,2,0.8982556259936568,0.15797814415741443,3.525135709299303,3.837613183781439,0.8420218558425855,0.9294972858140139,0.8420218558425856,0.9294972858140139,0.9232477363243712
7,7,1,0.8824104116440613,0.1789111027973012,4.422990348893087,4.269892764632655,0.8210888972026987,0.9115401930221383,0.8210888972026988,0.9115401930221383,0.9146021447073469
7,8,3,0.8631572662094135,0.21389445893981088,5.145170141982803,4.686516979614635,0.786105541060189,0.897096597160344,0.7861055410601892,0.897096597160344,0.9062696604077073
7,9,3,0.843790399746441,0.25253073072414217,5.575785502091855,5.229117999734876,0.7474692692758578,0.8884842899581629,0.7474692692758578,0.8884842899581629,0.8954176400053024
7,10,3,0.8254276535015451,0.27778042008173714,6.545799290728017,5.751031679953371,0.7222195799182628,0.8690840141854396,0.7222195799182629,0.8690840141854397,0.8849793664009326
7,11,3,0.8132334995570306,0.2961897276144241,7.08673032070298,6.118758365021221,0.7038102723855758,0.8582653935859403,0.7038102723855759,0.8582653935859403,0.8776248326995756
7,12,3,0.7966626286954264,0.32850029642765066,7.194098880469742,6.881491993833767,0.6714997035723492,0.8561180223906051,0.6714997035723493,0.8561180223906052,0.8623701601233247
7,13,3,0.7336240735043472,0.3485437163896672,7.384977532218231,7.644225622646313,0.6514562836103327,0.8523004493556353,0.6514562836103328,0.8523004493556354,0.8471154875470738
7,14,3,0.7147020381254036,0.3723483152686825,8.270319266296477,8.40695925145886,0.6276516847313174,0.8345936146740704,0.6276516847313175,0.8345936146740704,0.8318608149708229
7,15,3,0.6933224181150522,0.4061201238154114,9.025938211700193,9.169692880271405,0.5938798761845885,0.8194812357659961,0.5938798761845886,0.8194812357659962,0.8166061423945719
7,16,3,0.6748238303376216,0.44299673783530324,9.194162048507643,9.932426509083951,0.5570032621646966,0.816116759029847,0.5570032621646968,0.8161167590298471,0.801351469818321
7,17,3,0.6589147707679988,0.4637041387964002,9.782417307083655,10.695160137896497,0.5362958612035997,0.8043516538583267,0.5362958612035997,0.8043516538583269,0.78609679724207
7,18,3,0.6409395310468275,0.4905469353699151,10.373829807771061,11.457893766709043,0.5094530646300848,0.7925234038445786,0.5094530646300849,0.7925234038445788,0.7708421246658191
7,19,1,0.6686975549958086,0.5272983504466523,10.961572108424543,12.36887711987155,0.47270164955334754,0.780768557831509,0.4727016495533477,0.7807685578315091,0.752622457602569
7,20,1,0.6492274684711085,0.5480863222034221,11.909086903667124,13.302476715495505,0.4519136777965777,0.7618182619266574,0.4519136777965779,0.7618182619266576,0.7339504656900899
7,21,1,0.5849066738648082,0.5687400473730768,12.090920240505467,14.23607631111946,0.43125995262692307,0.7581815951898905,0.4312599526269232,0.7581815951898907,0.7152784737776108
7,22,1,0.5665925461337326,0.5940828881663986,12.637297764876754,15.169675906743414,0.4059171118336012,0.7472540447024647,0.40591711183360135,0.7472540447024649,0.6966064818651316
7,23,1,0.5494438897827288,0.6194131029050006,13.009485884973273,16.103275502367367,0.3805868970949992,0.7398102823005344,0.3805868970949994,0.7398102823005346,0.6779344899526527
7,24,1,0.5296551526134755,0.6446701270205935,13.781345658957667,17.03687509799132,0.3553298729794064,0.7243730868208464,0.35532987297940655,0.7243730868208467,0.6592624980401736
7,25,1,0.5160117646750865,0.6563881400233549,14.308353603953988,17.970474693615273,0.3436118599766449,0.71383292792092,0.3436118599766451,0.7138329279209202,0.6405905061276945
7,26,1,0.4968803995822793,0.6798147465829775,15.073128444270013,18.904074289239226,0.3201852534170223,0.6985374311145995,0.32018525341702253,0.6985374311145998,0.6219185142152155
7,27,1,0.48105671836383185,0.6968205179194404,15.662792464590018,19.83767388486318,0.30317948208055934,0.6867441507081995,0.30317948208055956,0.6867441507081997,0.6032465223027363
7,28,1,0.4596463455652156,0.7280507615420894,16.379236607626055,20.77127348048713,0.27194923845791036,0.6724152678474787,0.27194923845791064,0.6724152678474788,0.5845745303902574
7,29,1,0.4386288731161556,0.754911629633456,17.255214474792773,21.704873076111085,0.2450883703665437,0.6548957105041444,0.24508837036654396,0.6548957105041445,0.5659025384777783
7,30,1,0.42137455857262945,0.7808222243846422,17.614232323138438,22.638472671735038,0.21917777561535756,0.6477153535372311,0.21917777561535778,0.6477153535372313,0.5472305465652992
7,31,1,0.4025057486461881,0.8084607659350365,18.12902713896098,23.57207226735899,0.1915392340649633,0.6374194572207803,0.19153923406496354,0.6374194572207804,0.5285585546528202
7,32,1,0.38820166259512173,0.8199384534508875,18.76715607520443,24.505671862982943,0.18006154654911233,0.6246568784959112,0.18006154654911255,0.6246568784959114,0.509886562740341
7,33,1,0.37437624367963607,0.8406568874851086,18.871447615192274,25.439271458606896,0.15934311251489117,0.6225710476961543,0.15934311251489142,0.6225710476961546,0.49121457082786213
7,34,1,0.3573111996864774,0.8658835409021277,19.23627194769115,26.37287105423085,0.13411645909787204,0.6152745610461768,0.1341164590978723,0.615274561046177,0.472542578915383
7,35,1,0.3345469478283084,0.9040343763234935,19.809768359724266,27.306470649854802,0.09596562367650624,0.6038046328055146,0.09596562367650652,0.6038046328055147,0.45387058700290395
7,36,3,0.36931161863594014,0.9309296882920418,20.741055033172557,27.31571775683433,0.06907031170795788,0.5851788993365488,0.06907031170795819,0.5851788993365489,0.4536856448633134
7,37,3,0.35383365262138256,0.9456014200574044,21.5766719380819,28.06820916584049,0.054398579942595275,0.5684665612383618,0.05439857994259556,0.5684665612383619,0.4386358166831902
7,38,3,0.3416202301408044,0.9632315680994002,22.52094014162213,28.0744469322872,0.03676843190059946,0.5495811971675573,0.03676843190059975,0.5495811971675574,0.438511061354256
7,39,3,0.32529767644501345,0.9837147598660465,22.960861879987903,29.058748659957754,0.016285240133953233,0.5407827624002418,0.016285240133953494,0.5407827624002419,0.4188250268008449
7,40,3,0.25701376064306636,1.016207547919961,23.094508119913684,30.04305038762831,-0.01620754791996132,0.5381098376017261,-0.01620754791996104,0.5381098376017264,0.39913899224743377
7,41,3,0.24085450074046277,1.0363737828343955,23.525783631911946,31.027352115298864,-0.03637378283439584,0.5294843273617609,-0.03637378283439552,0.5294843273617611,0.37945295769402276
8,0,3,0.9858947112578602,0.023134569760623905,0.26168335760568046,0.6973814656840917,0.9768654302393761,0.9947663328478864,0.9768654302393761,0.9947663328478864,0.9860523706863181
8,1,3,0.9698202629370525,0.038967779951522896,0.9858414323403726,1.5927301295256138,0.9610322200484771,0.9802831713531925,0.9610322200484771,0.9802831713531925,0.9681453974094877
8,2,0,0.9557809014876838,0.06457039333677347,1.1152472868766121,2.2890978231321535,0.9354296066632265,0.9776950542624677,0.9354296066632265,0.9776950542624677,0.954218043537357
8,3,3,0.9443837007735519,0.08859134220685233,1.3835177493411601,2.529360024283426,0.9114086577931476,0.9723296450131768,0.9114086577931477,0.9723296450131768,0.9494127995143314
8,4,3,0.930516968280717,0.10565365176449917,2.285085691910164,2.8546864777573306,0.8943463482355007,0.9542982861617967,0.8943463482355009,0.9542982861617967,0.9429062704448534
8,5,3,0.9098938329001172,0.14288551885473497,2.7407511360182735,3.6308979862273967,0.857114481145265,0.9451849772796345,0.857114481145265,0.9451849772796346,0.927382040275452
8,6,3,0.8933011413161708,0.16623634034276377,3.1489632258950855,4.544048559541109,0.8337636596572362,0.9370207354820982,0.8337636596572362,0.9370207354820983,0.9091190288091778
8,7,3,0.8710811144204533,0.20831357841853562,3.765269386235688,5.156884529769541,0.7916864215814643,0.9246946122752862,0.7916864215814644,0.9246946122752863,0.8968623094046092
8,8,3,0.8618693371498768,0.2287796478148758,4.018614277542355,5.262002759232348,0.7712203521851241,0.9196277144491528,0.7712203521851242,0.9196277144491529,0.894759944815353
8,9,3,0.8477301438312678,0.24841221284407156,4.616280363165297,5.803587419940971,0.7515877871559283,0.9076743927366939,0.7515877871559284,0.907674392736694,0.8839282516011806
8,10,3,0.7835671258166536,0.2670835508259009,5.265581505557311,6.345172080649594,0.7329164491740989,0.8946883698888537,0.7329164491740991,0.8946883698888538,0.8730965583870081
8,11,3,0.7668054886803344,0.2873192003940051,6.226459936891361,6.886756741358218,0.7126807996059947,0.8754708012621727,0.712680799605995,0.8754708012621728,0.8622648651728356
8,12,3,0.7540584456654457,0.3083072006035348,6.547531717939555,7.428341402066841,0.6916927993964651,0.8690493656412088,0.6916927993964652,0.8690493656412089,0.8514331719586632
8,13,3,0.7379053960647937,0.3356930180551508,7.059613624747935,7.969926062775464,0.664306981944849,0.8588077275050412,0.6643069819448493,0.8588077275050413,0.8406014787444908
8,14,3,0.7222760177975324,0.3552445047782638,7.884861367972874,8.511510723484086,0.644755495221736,0.8423027726405424,0.6447554952217363,0.8423027726405425,0.8297697855303183
8,15,3,0.7136821347760003,0.36734124308525035,8.02752224514473,9.053095384192709,0.6326587569147495,0.8394495550971053,0.6326587569147497,0.8394495550971054,0.8189380923161458
8,16,3,0.6974417329036998,0.40011198632181305,8.283460703453036,9.594680044901331,0.5998880136781868,0.8343307859309392,0.599888013678187,0.8343307859309392,0.8081063991019733
8,17,3,0.6819405645529862,0.42572627199253366,8.786337011815426,10.136264705609953,0.5742737280074661,0.8242732597636914,0.5742737280074663,0.8242732597636915,0.7972747058878009
8,18,3,0.6684468862563724,0.4483674486541941,9.136745262515856,10.677849366318576,0.5516325513458057,0.8172650947496828,0.5516325513458059,0.8172650947496829,0.7864430126736285
8,19,3,0.6538583246284327,0.467538594911494,9.824887533133186,11.219434027027198,0.5324614050885058,0.8035022493373362,0.5324614050885059,0.8035022493373363,0.775611319459456
8,20,3,0.6360742473035603,0.4994717963271628,10.354254400371977,11.76101868773582,0.500528203672837,0.7929149119925604,0.5005282036728371,0.7929149119925605,0.7647796262452836
8,21,3,0.6166357294413024,0.5279187356893768,11.30610045089135,12.302603348444443,0.4720812643106231,0.7738779909821729,0.47208126431062325,0.773877990982173,0.7539479330311112
8,22,3,0.6021700348043563,0.5445348482819243,12.103564356097262,12.844188009153065,0.45546515171807556,0.7579287128780546,0.45546515171807567,0.7579287128780547,0.7431162398169386
8,23,3,0.5911988284281674,0.5624624406553173,12.311281033147338,13.385772669861687,0.4375375593446827,0.7537743793370532,0.43753755934468275,0.7537743793370533,0.7322845466027663
8,24,3,0.5760405347727929,0.5862449274134652,12.854316082837482,13.92735733057031,0.41375507258653477,0.7429136783432503,0.41375507258653477,0.7429136783432504,0.7214528533885938
8,25,3,0.5618153851876866,0.608608086317061,13.328345914715019,14.468941991278932,0.391391913682939,0.7334330817056995,0.391391913682939,0.7334330817056995,0.7106211601744213
8,26,3,0.5464964480131093,0.6361587009398592,13.707071099053088,15.010526651987554,0.3638412990601408,0.7258585780189382,0.36384129906014084,0.7258585780189382,0.6997894669602489
8,27,3,0.5273366864187056,0.6671576873223625,14.489501358379865,15.552111312696177,0.3328423126776375,0.7102099728324026,0.33284231267763753,0.7102099728324027,0.6889577737460765
8,28,3,0.5081260858048279,0.6984860107145981,15.26309062014111,16.0936959734048,0.3015139892854018,0.6947381875971776,0.30151398928540185,0.6947381875971779,0.678126080531904
8,29,3,0.4929255793063984,0.7198839877876029,15.93168308054666,16.63528063411342,0.28011601221239707,0.6813663383890667,0.2801160122123971,0.6813663383890668,0.6672943873177315
8,30,3,0.47459494082668735,0.7464953202450708,16.809127568921305,17.176865294822043,0.2535046797549292,0.6638174486215738,0.2535046797549292,0.6638174486215739,0.6564626941035592
8,31,3,0.4610668183538634,0.7737509416400311,16.93398020938828,17.718449955530666,0.22624905835996884,0.6613203958122342,0.2262490583599689,0.6613203958122345,0.6456310008893866
8,32,3,0.44712526314509493,0.7905843272833117,17.641959547830883,18.260034616239288,0.2094156727166882,0.6471608090433822,0.20941567271668826,0.6471608090433824,0.6347993076752143
8,33,3,0.433265181945427,0.8041644799474555,18.50037943386527,18.80161927694791,0.1958355200525444,0.6299924113226945,0.19583552005254445,0.6299924113226947,0.6239676144610418
8,34,3,0.42101844049211934,0.8221266542481256,18.897697276119285,19.343203937656533,0.17787334575187436,0.6220460544776142,0.1778733457518744,0.6220460544776143,0.6131359212468693
8,35,3,0.40474113526163313,0.844289631083866,19.689559558196578,19.884788598365155,0.1557103689161339,0.6062088088360683,0.155710368916134,0.6062088088360684,0.6023042280326969
8,36,3,0.3901294355553307,0.8673825141121736,20.185085702017933,20.426373259073777,0.13261748588782635,0.5962982859596413,0.1326174858878264,0.5962982859596413,0.5914725348185245
8,37,3,0.37549115407238576,0.8863954787331294,20.888595032703268,20.9679579197824,0.1136045212668706,0.5822280993459346,0.1136045212668706,0.5822280993459346,0.580640841604352
8,38,3,0.3621478458426411,0.913317303350029,21.00241537561136,21.509542580491022,0.08668269664997091,0.5799516924877728,0.08668269664997097,0.5799516924877728,0.5698091483901795
8,39,3,0.3475932528889128,0.9420836618963366,21.205701730646613,22.051127241199644,0.05791633810366335,0.5758859653870677,0.05791633810366337,0.5758859653870678,0.5589774551760072
8,40,3,0.33147904948157436,0.9626265271454765,22.05410431858175,22.592711901908267,0.03737347285452347,0.558917913628365,0.037373472854523526,0.5589179136283651,0.5481457619618346
8,41,3,0.32105838502660317,0.9795267799685052,22.23060668496738,23.13429656261689,0.020473220031494696,0.5553878663006524,0.020473220031494765,0.5553878663006524,0.5373140687476623
8,42,3,0.3015955878226538,1.0173225060091833,22.71865530281726,23.67588122332551,-0.017322506009183378,0.5456268939436548,-0.01732250600918328,0.5456268939436548,0.5264823755334898
8,43,3,0.2924889295459616,1.0297026660095705,22.924061383593106,24.217465884034134,-0.02970266600957049,0.5415187723281379,-0.0297026660095705,0.5415187723281378,0.5156506823193173
9,0,3,0.9812627708974705,0.027329677363626848,0.7464636156826007,0.6976368815154709,0.9726703226363731,0.985070727686348,0.9726703226363731,0.985070727686348,0.9860472623696905
9,1,3,0.9647303352645329,0.054248907363292305,1.215509984923681,1.362494357231771,0.9457510926367076,0.9756898003015263,0.9457510926367076,0.9756898003015264,0.9727501128553646
9,2,2,0.9480823429935806,0.07287316795671209,2.0838589143800497,2.0601312387472417,0.9271268320432878,0.9583228217123989,0.9271268320432879,0.958322821712399,0.9587973752250551
9,3,3,0.930421110020916,0.09771238619167183,2.826225472815474,2.724988714463542,0.9022876138083281,0.9434754905436904,0.9022876138083282,0.9434754905436905,0.9455002257107291
9,4,2,0.9148458988937241,0.11799964165510732,3.450507487207006,3.422625595979013,0.8820003583448927,0.9309898502558598,0.8820003583448927,0.9309898502558599,0.9315474880804198
9,5,3,0.9001307683222405,0.14300720547034654,3.742541406451294,4.0874830716953126,0.8569927945296534,0.925149171870974,0.8569927945296535,0.9251491718709741,0.9182503385660937
9,6,2,0.8787994681848598,0.17669690521256462,4.5601145584320175,4.785119953210783,0.8233030947874352,0.9087977088313596,0.8233030947874354,0.9087977088313597,0.9042976009357844
9,7,3,0.8643892736032699,0.2017354666140293,4.804858199880981,5.449977428927083,0.7982645333859706,0.9039028360023803,0.7982645333859707,0.9039028360023804,0.8910004514214583
9,8,2,0.8457004341493293,0.22807459865741905,5.593590634287104,6.147614310442553,0.7719254013425808,0.8881281873142579,0.7719254013425809,0.8881281873142579,0.877047713791149
9,9,3,0.8262601209990232,0.26767038455906655,5.864990836034334,6.812471786158853,0.7323296154409333,0.8827001832793133,0.7323296154409334,0.8827001832793133,0.863750564276823
9,10,2,0.8047105576559982,0.3004868345267858,6.758965957586664,7.510108667674324,0.6995131654732141,0.8648206808482667,0.6995131654732142,0.8648206808482667,0.8497978266465135
9,11,3,0.7896674137493281,0.31966315106588844,7.391764240915731,8.174966143390623,0.6803368489341114,0.8521647151816854,0.6803368489341115,0.8521647151816854,0.8365006771321876
9,12,2,0.7714059447087727,0.3485112360347118,7.990943467042427,8.872603024906095,0.6514887639652881,0.8401811306591515,0.6514887639652882,0.8401811306591515,0.8225479395018781
9,13,3,0.7532597198270746,0.37251018801293917,8.848072124669468,9.537460500622394,0.6274898119870608,0.8230385575066106,0.6274898119870609,0.8230385575066106,0.8092507899875521
9,14,2,0.7369347341348526,0.39474297133857555,9.487543930705481,10.235097382137866,0.6052570286614244,0.8102491213858903,0.6052570286614245,0.8102491213858903,0.7952980523572427
9,15,3,0.71715115792029,0.423594364992644,10.347653204470127,10.899954857854166,0.576405635007356,0.7930469359105974,0.576405635007356,0.7930469359105975,0.7820009028429167
9,16,2,0.6968195019323794,0.4571873441963371,11.020115760956607,11.597591739369637,0.5428126558036629,0.7795976847808678,0.5428126558036629,0.7795976847808679,0.7680481652126072
9,17,3,0.6758923065717942,0.4987697928126917,11.415215158510364,12.262449215085937,0.5012302071873084,0.7716956968297927,0.5012302071873083,0.7716956968297928,0.7547510156982813
9,18,3,0.6617558431590348,0.5241073894813645,11.996848402232265,12.534405649844288,0.4758926105186356,0.7600630319553546,0.4758926105186355,0.7600630319553547,0.7493118870031142
9,19,3,0.6475019083267518,0.5538190835227814,12.223723573538877,12.96003600130928,0.4461809164772186,0.7555255285292224,0.4461809164772186,0.7555255285292225,0.7407992799738143
9,20,1,0.6332997713179792,0.5771066820045961,12.758126479582442,13.391573722490865,0.42289331799540386,0.7448374704083511,0.42289331799540386,0.7448374704083511,0.7321685255501826
9,21,1,0.623500959292581,0.5909956909850085,12.929448410603378,13.995623146259033,0.40900430901499146,0.7414110317879324,0.4090043090149915,0.7414110317879324,0.7200875370748193
9,22,3,0.6045586167114427,0.6134017076301532,13.81369133003864,14.832430781737283,0.38659829236984666,0.7237261733992272,0.3865982923698468,0.7237261733992272,0.7033513843652544
9,23,1,0.5914745941692681,0.638995338384557,14.401444926927676,14.927599028454267,0.3610046616154429,0.7119711014614465,0.361004661615443,0.7119711014614465,0.7014480194309147
9,24,1,0.5762256847241415,0.666397811028849,14.528898275055816,15.71735846488052,0.3336021889711509,0.7094220344988836,0.333602188971151,0.7094220344988837,0.6856528307023896
9,25,1,0.561485218848755,0.7026685769728546,14.69408765555988,15.949700668484128,0.2973314230271453,0.7061182468888023,0.29733142302714544,0.7061182468888024,0.6810059866303174
9,26,1,0.5471586468642773,0.7200190973473742,15.589819897145151,16.335428205844536,0.27998090265262565,0.6882036020570969,0.27998090265262576,0.688203602057097,0.6732914358831092
9,27,1,0.48411349895401307,0.7439795804515162,15.96284039111729,16.721155743204942,0.2560204195484837,0.6807431921776541,0.25602041954848376,0.6807431921776542,0.6655768851359012
9,28,1,0.4710526437005756,0.7592179954272813,16.774320392984254,17.10688328056535,0.24078200457271862,0.6645135921403148,0.2407820045727187,0.6645135921403149,0.657862334388693
9,29,1,0.454092257761243,0.7836347641631538,17.711812309730107,17.492610817925755,0.21636523583684608,0.6457637538053977,0.2163652358368462,0.6457637538053979,0.6501477836414848
9,30,1,0.43985913444120195,0.8048960134774655,18.397990804660274,17.87833835528616,0.19510398652253433,0.6320401839067944,0.19510398652253447,0.6320401839067945,0.6424332328942768
9,31,1,0.42473446127175474,0.8332145963710058,18.865035098039943,18.264065892646567,0.16678540362899405,0.622699298039201,0.1667854036289942,0.6226992980392012,0.6347186821470687
9,32,1,0.40851422554782,0.8624889717013485,19.4486241527526,18.649793430006973,0.13751102829865136,0.6110275169449478,0.13751102829865147,0.611027516944948,0.6270041313998606
9,33,1,0.38887195033629784,0.9013103265342117,20.068170155477365,19.03552096736738,0.0986896734657882,0.5986365968904526,0.09868967346578827,0.5986365968904528,0.6192895806526524
9,34,1,0.3788083567525636,0.9183800078266428,20.338497591055535,19.421248504727785,0.08161999217335716,0.5932300481788891,0.08161999217335725,0.5932300481788892,0.6115750299054443
9,35,1,0.3620708976713963,0.9468548675929027,21.039645927557228,19.80697604208819,0.05314513240709716,0.5792070814488552,0.053145132407097284,0.5792070814488555,0.6038604791582362
9,36,1,0.3491647613702387,0.9624843136835687,21.80836653083715,20.192703579448597,0.03751568631643123,0.5638326693832568,0.03751568631643132,0.5638326693832569,0.596145928411028
9,37,1,0.33368877027692945,0.991588736751467,22.288816504078234,20.578431116809003,0.00841126324853297,0.5542236699184352,0.00841126324853303,0.5542236699184353,0.5884313776638199
9,38,1,0.3228784148854085,1.0126552119631245,22.471318514863093,20.96415865416941,-0.012655211963124503,0.550573629702738,-0.012655211963124469,0.5505736297027382,0.5807168269166119
9,39,1,0.304995421507389,1.0397258155971674,23.414509802503463,21.349886191529816,-0.03972581559716731,0.5317098039499306,-0.03972581559716737,0.5317098039499307,0.5730022761694037
