episode,reward,victims_rescued,coverage_ratio,steps,avg_final_battery,total_energy_consumed,cumulative_risk,total_loss,actor_loss,critic_loss,entropy
0,265.33497570655186,8,0.43555555,207,0.0,2.0030000000000006,0.8208416195632355,1815.9241797491857,0.09639875739307424,3626.4854736328125,2.585044175386429
1,246.94710845909967,5,0.4488889,203,0.0,2.0219999999999994,0.7692327693933513,,,,
2,234.3796101305082,5,0.36,205,0.0,2.024,0.7728526579661178,,,,
3,225.724346261374,6,0.35555556,208,0.0,2.064999999999999,0.7855235825750391,,,,
4,204.19130681298174,5,0.32,199,0.0,2.0349999999999993,0.7911928791345347,,,,
5,247.72227473198186,6,0.33333334,198,0.0,2.0060000000000002,0.8009683512012156,,,,
6,240.32916837257616,5,0.44,205,0.0,2.049999999999999,0.7920554418282448,,,,
7,244.72612647192634,6,0.33777776,206,0.0,2.124999999999998,0.8253782352049123,,,,
8,174.44082224915567,3,0.3422222,201,0.0,2.0030000000000006,0.781971850056282,,,,
9,324.9569195981149,6,0.5511111,203,0.0,2.008000000000001,0.8088186934590085,,,,
10,332.15995939547804,8,0.4311111,202,0.0,2.0220000000000002,0.7779227069681448,,,,
11,408.5237808183878,10,0.49333334,203,0.0,2.01,0.7810812787741283,,,,
12,420.69087206102006,10,0.53333336,192,0.0,2.023999999999999,0.7547685292653327,,,,
13,246.2082142777867,6,0.34666666,202,0.0,2.017,0.78409238148087,,,,
14,224.7636377032009,5,0.33333334,202,0.0,2.013,0.7946641531199231,,,,
15,353.77110942454254,8,0.5288889,189,0.0,2.012999999999999,0.756699371697158,,,,
16,268.80113761113444,5,0.4488889,193,0.0,2.0080000000000005,0.7559241592576972,,,,
17,213.59397499240947,5,0.34666666,203,0.0,2.032,0.7966150005060275,,,,
18,288.8365395193329,7,0.40444446,198,0.0,2.019,0.7727106987111392,,,,
19,247.5427875663683,6,0.4,205,0.0,2.0150000000000006,0.7947741622421258,,,,
20,181.4022378872823,4,0.31111112,203,0.0,2.0460000000000003,0.8225174741811815,,,,
21,279.86689940398657,6,0.42222223,203,0.0,2.0519999999999996,0.793646706400887,,,,
22,147.54857269400355,4,0.24,202,0.0,2.082999999999999,0.7231084870664224,,,,
23,270.5125419625617,7,0.40888888,202,0.0,2.0389999999999993,0.760817202495885,,,,
24,326.89783197158914,7,0.50666666,207,0.0,2.100999999999998,0.8152912018940576,,,,
25,340.8677905526388,8,0.49333334,203,0.0,2.037,0.7854006298240718,,,,
26,126.08599043858037,3,0.2711111,205,0.0,2.0969999999999986,0.7743739707613034,,,,
27,276.24621795625876,5,0.49333334,212,0.0,2.064,0.8029721362494446,,,,
28,304.9668701709918,7,0.44,204,0.0,2.0969999999999978,0.8098086552672042,,,,
29,438.1096333734805,11,0.5288889,197,0.0,2.0649999999999986,0.7587177751012897,,,,
30,386.85455203203884,9,0.49333334,194,0.0,2.01,0.7778565311974099,,,,
31,347.73680961725535,8,0.48444444,202,0.0,2.0650000000000004,0.7670126921829761,,,,
32,213.16586382469254,5,0.41333333,206,0.0,2.0140000000000007,0.735182411687172,613.0708963876164,0.04591193846812358,1221.0367126464844,2.5066281259059906
33,276.1568507625455,7,0.4,214,0.0,2.0529999999999995,0.7848499491636297,,,,
34,218.47897606059172,5,0.38666666,203,0.0,2.073999999999999,0.7889749292938742,,,,
35,329.092344586456,7,0.46666667,200,0.0,2.045,0.7481103609029338,,,,
36,389.6521113161202,9,0.52,210,0.0,2.0349999999999997,0.8060992455919764,,,,
37,233.41480209822527,5,0.4,219,0.0,2.116999999999999,0.8268265267849755,,,,
38,180.34907690709738,5,0.32444444,215,0.0,2.0740000000000007,0.8470482061935031,,,,
39,313.76450129278396,8,0.43555555,210,0.0,2.0440000000000005,0.8013799138143936,,,,
40,252.01962361006636,6,0.41777778,208,0.0,2.1119999999999974,0.824825092662244,,,,
41,105.03029094869943,3,0.32,221,0.0,2.0609999999999995,0.8040872700866961,,,,
42,174.8841936864019,5,0.30666667,221,0.0,2.090999999999999,0.8208137542398721,,,,
43,361.86526503083365,9,0.4888889,201,0.0,2.056,0.7989023312777699,,,,
44,335.852121164073,7,0.5422222,212,0.0,2.0230000000000006,0.7993252557284446,,,,
45,301.1463406997751,7,0.46222222,203,0.0,2.0309999999999997,0.8050172866816546,,,,
46,321.1527542994783,8,0.45333335,207,0.0,2.0749999999999997,0.8064030467014398,,,,
47,285.0267766536089,7,0.49333334,217,0.0,2.0829999999999997,0.8070948897593916,,,,
48,176.70997167094586,4,0.35555556,219,0.0,2.1039999999999996,0.7852818886036217,,,,
49,162.83213142505858,4,0.3422222,216,0.0,2.078,0.8392445716627761,,,,
50,288.89828917085026,6,0.5644444,213,0.0,2.052,0.781127388609991,,,,
51,164.5718507561214,4,0.2888889,212,0.0,2.0370000000000004,0.8191032829252435,,,,
52,217.34626748587988,4,0.4,212,0.0,2.0420000000000007,0.8031288342746706,,,,
53,185.9014674832445,4,0.37333333,211,0.0,2.019000000000001,0.7796088344503687,,,,
54,135.92178617140215,4,0.25777778,202,0.0,2.0439999999999996,0.7752942552398512,,,,
55,136.60778204878903,3,0.28444445,212,0.0,2.034,0.7757745300807246,,,,
56,314.4427765973884,7,0.4888889,211,0.0,2.0470000000000006,0.8315215601741145,,,,
57,282.3118592244066,7,0.40444446,207,0.0,2.0629999999999993,0.7840893850395496,,,,
58,326.3761535438602,8,0.45333335,206,0.0,2.082,0.7747630970759855,,,,
59,143.23866145029035,5,0.33333334,216,0.0,2.065,0.7928892366473169,,,,
60,272.76860377286727,7,0.44444445,208,0.0,2.0230000000000006,0.7677464151421757,,,,
61,203.62828319387054,4,0.36444443,216,0.0,2.0880000000000005,0.8539544537419561,,,,
62,272.629754566954,6,0.40888888,202,0.0,2.0409999999999995,0.7788163622030634,,,,
63,156.34483338544308,4,0.29777777,205,0.0,2.0229999999999997,0.7622911076371228,,,,
64,212.96222600444364,5,0.35555556,208,0.0,2.03,0.8308382663704188,752.0356721882588,0.007581979489885149,1499.1350708007812,2.4605548083782196
65,266.93428828758414,5,0.47555557,207,0.0,2.053,0.8237941141610565,,,,
66,381.99978174057605,9,0.52,203,0.0,2.0180000000000002,0.7356945506282478,,,,
67,328.13101957451914,8,0.50666666,214,0.0,2.0709999999999997,0.802998695032058,,,,
68,406.4317350840016,10,0.5555556,204,0.0,2.060999999999999,0.8017509943998925,,,,
69,145.58414618100645,4,0.32,210,0.0,2.0289999999999995,0.7560702545995693,,,,
70,198.52877327409192,4,0.33777776,201,0.0,2.01,0.8180817817272064,,,,
71,213.30181864832372,5,0.36,203,0.0,2.0319999999999996,0.7858254234450722,,,,
72,366.11092340003563,8,0.4977778,196,0.0,2.048,0.7407117733309437,,,,
73,226.18996433548202,7,0.33333334,226,0.0,2.1649999999999987,0.8869623776345296,,,,
74,224.65436210550143,6,0.37777779,227,0.0,2.1909999999999967,0.8693625262998931,,,,
75,164.23185576929188,5,0.2888889,212,0.0,2.0439999999999996,0.7949696153805474,,,,
76,368.22110715139615,9,0.49333334,194,0.0,2.01,0.7819528565735826,,,,
77,305.5586951265284,8,0.3911111,204,0.0,2.0470000000000006,0.8126736582314374,,,,
78,276.43181102168535,6,0.45777777,209,0.0,2.126999999999998,0.8119859318876362,,,,
79,196.22120824708642,6,0.26222223,194,0.0,2.004999999999999,0.7209327835275766,,,,
80,144.92922762514732,3,0.31111112,213,0.0,2.0629999999999997,0.8280781583235071,,,,
81,215.3061220613179,5,0.37333333,210,0.0,2.033,0.7668718625788095,,,,
82,353.2513311629913,10,0.4,200,0.0,2.0269999999999992,0.7771112558005833,,,,
83,289.7628015948689,7,0.42666668,208,0.0,2.0699999999999994,0.8062665603420737,,,,
84,302.97855660183535,8,0.44,217,0.0,2.0569999999999986,0.8498828932109563,,,,
85,317.3075634666187,8,0.4977778,204,0.0,2.0050000000000003,0.8035224355587612,,,,
86,148.61598937643708,4,0.36888888,222,0.0,2.2049999999999965,0.8759207082375295,,,,
87,280.87451252859915,6,0.44,204,0.0,2.069999999999999,0.8064991647600659,,,,
88,159.54159365486106,5,0.25777778,210,0.0,2.0340000000000003,0.7844004230092603,,,,
89,401.8082327433222,10,0.52,196,0.0,2.035999999999999,0.7695578171118685,,,,
90,217.55834970805498,6,0.35555556,209,0.0,2.0589999999999993,0.823336686129668,,,,
91,297.12980059825884,7,0.46222222,210,0.0,2.068,0.7729466267827441,,,,
92,196.29992298017578,4,0.37333333,213,0.0,2.0929999999999995,0.7928318013216034,,,,
93,190.23919272297812,6,0.38222224,221,0.0,2.144999999999999,0.7854938184681107,,,,
94,323.0523380962369,7,0.51555556,218,0.0,2.1109999999999998,0.8334441269175226,,,,
95,122.8846747675252,3,0.30222222,218,0.0,2.0420000000000003,0.853048348831649,,,,
96,293.7208116522403,8,0.4311111,212,0.0,2.0809999999999986,0.7986392231839836,929.4287647806555,0.01089518298199374,1853.9861297607422,2.4248047173023224
97,251.79058582542135,8,0.40444446,235,0.0,2.213,0.8623076116385593,,,,
98,289.3153543135243,7,0.41777778,208,0.0,2.0429999999999997,0.8523897124317045,,,,
99,297.71081853279406,8,0.4888889,231,0.0,2.1489999999999982,0.8514920978137311,,,,
100,186.34402237999578,6,0.32,203,0.0,2.019999999999998,0.7706118413336129,,,,
101,177.8954993253044,6,0.36888888,252,0.0,2.257999999999997,0.8985400449797112,,,,
102,179.85785443000262,5,0.29333332,201,0.0,2.016999999999999,0.7973697046664873,,,,
103,131.1754319918853,5,0.30222222,214,0.0,2.075999999999999,0.8211845338743152,,,,
104,122.72192766045755,4,0.25333333,210,0.0,2.0489999999999995,0.8487248226361614,,,,
105,166.2914309333196,5,0.29777777,211,0.0,2.0899999999999976,0.8166779377786851,,,,
106,336.14451172233765,8,0.46666667,203,0.0,2.0689999999999995,0.8037792185108152,,,,
107,181.9121217599712,6,0.29777777,204,0.0,2.049,0.8030585493352378,,,,
108,27.0680101231843,5,0.26666668,233,0.0,2.046999999999999,0.8193859917877121,,,,
109,163.8064483342333,5,0.32444444,216,0.0,2.065999999999999,0.8586367777177668,,,,
110,187.20640394863688,5,0.29777777,201,0.0,2.0589999999999997,0.7985864034242033,,,,
111,254.2913453724402,5,0.42222223,205,0.0,2.028,0.7620169751706397,,,,
112,130.38176528773002,4,0.25777778,208,0.0,2.0140000000000007,0.7786289808179904,,,,
113,298.6849107019665,8,0.45777777,207,0.0,2.0409999999999995,0.8303392865355759,,,,
114,-10.753743391376329,3,0.13777778,225,0.0,2.047999999999999,0.8199562260917527,,,,
115,185.40913268835828,6,0.39555556,224,0.0,2.140999999999998,0.8107244874427726,,,,
116,270.9678222020785,7,0.48,211,0.0,2.022,0.8688918531947469,,,,
117,218.30584938093105,5,0.36444443,214,0.0,2.1329999999999987,0.8505700412712622,,,,
118,205.8135887118507,5,0.39555556,233,0.0,2.201999999999997,0.8741074192099474,,,,
119,226.37561001904652,5,0.48,221,0.0,2.170999999999998,0.8497326653968982,,,,
120,153.06016583133075,5,0.36,229,0.0,2.1599999999999966,0.8479622779112802,,,,
121,120.42168749154453,5,0.3422222,227,0.0,2.1329999999999987,0.859594167230357,,,,
122,78.87357813423186,4,0.2488889,209,0.0,2.022,0.8798147910512037,,,,
123,95.90238046209124,4,0.27555555,218,0.0,2.0909999999999997,0.9479746358605782,,,,
124,214.5927187497259,5,0.3422222,203,0.0,2.037,0.7862987500182751,,,,
125,289.7964090706002,7,0.45777777,208,0.0,2.0509999999999993,0.7473593952933294,,,,
126,169.8288195272677,6,0.26666668,201,0.0,2.0069999999999983,0.8462120315154888,,,,
127,72.84359338576436,3,0.19111112,209,0.0,2.0709999999999993,0.8554937742823724,,,,
128,247.87371294436227,6,0.35555556,211,0.0,2.0749999999999993,0.7894591370425015,843.1131120383749,0.14060877859680349,1682.1575927734375,1.8937068730592728
129,305.17769725543906,7,0.5288889,204,0.0,2.0180000000000002,0.8052735163040741,,,,
130,233.53381171335593,5,0.40444446,211,0.0,2.0809999999999995,0.7799858857762639,,,,
131,215.96137611510653,6,0.31555554,201,0.0,2.012,0.7395349256595596,,,,
132,220.82083586621343,5,0.41333333,204,0.0,2.049,0.8338909422524297,,,,
133,295.22236931724376,7,0.44444445,205,0.0,2.026,0.8580553788504113,,,,
134,319.3219224287482,9,0.4888889,209,0.0,2.0050000000000003,0.8008318380834412,,,,
135,155.43813453467084,5,0.29777777,226,0.0,2.0369999999999995,0.7926310310219403,,,,
136,294.56594726792457,7,0.42222223,200,0.0,2.0399999999999996,0.7543501821383615,,,,
137,354.4402974023708,8,0.48444444,205,0.0,2.0479999999999996,0.7725935065086085,,,,
138,306.5893609708028,7,0.46222222,208,0.0,2.0540000000000007,0.8078026019464764,,,,
139,252.3463609387594,6,0.46222222,211,0.0,2.0989999999999975,0.8254959374160382,,,,
140,262.90714080632466,7,0.39555556,218,0.0,2.0669999999999997,0.8454172795783534,,,,
141,254.38858820908465,5,0.47111112,215,0.0,2.0789999999999984,0.7861474527276914,,,,
142,209.0616632366106,5,0.41777778,206,0.0,2.0329999999999995,0.8596491175592924,,,,
143,295.14181849736826,8,0.4,213,0.0,2.0380000000000003,0.7938787668420956,,,,
144,403.9381534231725,10,0.49333334,209,0.0,2.082999999999999,0.770069771788504,,,,
145,115.86600561378087,4,0.24444444,219,0.0,2.131999999999998,0.796852959081269,,,,
146,260.50158241766013,6,0.42222223,211,0.0,2.085999999999999,0.7935211721559923,,,,
147,194.39165683491802,5,0.36888888,209,0.0,2.0169999999999995,0.8916762110054495,,,,
148,212.5596171873705,4,0.38666666,209,0.0,2.0070000000000006,0.8012788541752945,,,,
149,296.3912403392137,7,0.41333333,204,0.0,2.005000000000001,0.7933573107190749,,,,
150,196.23998369025935,5,0.33333334,210,0.0,2.1319999999999983,0.8102144206493761,,,,
151,207.766856036328,6,0.31555554,212,0.0,2.0559999999999987,0.8256229309114588,,,,
152,228.63086435460053,6,0.4,210,0.0,2.076999999999999,0.8550357096932893,,,,
153,129.02826110594972,3,0.33333334,214,0.0,2.0129999999999995,0.7713425929366808,,,,
154,233.6490550163789,5,0.42666668,203,0.0,2.03,0.8017696655747346,,,,
155,251.3212084068816,6,0.38666666,213,0.0,2.121999999999998,0.7963194395412275,,,,
156,262.8685493510911,7,0.37777779,214,0.0,2.1329999999999973,0.7626033765939313,,,,
157,209.7126374640636,5,0.3911111,213,0.0,2.1059999999999994,0.8263308357290925,,,,
158,221.788149899051,5,0.3511111,210,0.0,2.076999999999999,0.7871100067299324,,,,
159,135.03265603243412,4,0.25333333,207,0.0,2.057999999999999,0.9175562645043858,,,,
160,64.93207828537281,6,0.36,226,0.0,2.02,0.8402614476418109,3870.153822307243,0.07585184718582061,7736.3880615234375,1.8839396983385086
161,34.737148399818395,5,0.27555555,230,0.0,2.0519999999999996,0.901736773345436,,,,
162,66.16532054931335,5,0.29777777,223,0.0,2.0829999999999997,0.8246586300457719,,,,
163,129.176392658221,5,0.28,214,0.0,2.026,0.7868538227852553,,,,
164,232.8521328563852,10,0.4488889,223,0.0,2.0499999999999994,0.8087644762409892,,,,
165,-158.9571660527857,5,0.19555555,265,0.0,2.179,1.2846377368523867,,,,
166,110.86445915691326,6,0.25777778,217,0.0,2.1079999999999983,0.931702722872444,,,,
167,-53.06564631493737,4,0.16888888,213,0.0,2.0229999999999997,0.92992308766249,,,,
168,-58.914159001016465,4,0.22666667,233,0.0,2.0390000000000006,0.8543306000677586,,,,
169,-37.0303503800187,4,0.19111112,230,0.0,2.088999999999999,0.800983358667909,,,,
170,54.46940699469611,6,0.33333334,216,0.0,2.050999999999999,0.8817195336869221,,,,
171,92.98504661875961,5,0.28,203,0.0,2.0209999999999995,0.783396892082691,,,,
172,-60.540497505377,2,0.24,231,0.0,2.0060000000000007,0.7891798336917996,,,,
173,-89.55208119565683,4,0.24444444,230,0.0,2.0369999999999995,0.9780054130437905,,,,
174,-92.37541143853838,3,0.22222222,233,0.0,2.005000000000001,0.9093207625692137,,,,
175,40.164853967123356,5,0.26666668,217,0.0,2.0039999999999996,0.8826364021917684,,,,
176,-16.705637966672423,3,0.26222223,227,0.0,2.095999999999999,0.8854158644448228,,,,
177,58.777201254209295,6,0.34666666,227,0.0,2.052,0.7753599163860453,,,,
178,22.45940089839281,5,0.35555556,230,0.0,2.0540000000000003,0.9136932734404709,,,,
179,67.67453912823285,5,0.32,219,0.0,2.0080000000000005,0.8593240581178065,,,,
180,-26.878154552303137,6,0.2711111,208,0.0,2.0599999999999983,0.8603303034868829,,,,
181,133.50701408147654,5,0.3911111,218,0.0,2.0269999999999997,0.849852394568224,,,,
182,92.36742674629998,4,0.38666666,223,0.0,2.020000000000001,0.869638216913326,,,,
183,-10.762740799313814,3,0.24,227,0.0,2.008000000000001,0.9034627199542477,,,,
184,25.075524093606784,3,0.22222222,221,0.0,2.071999999999999,0.8045383937595448,,,,
185,116.61634089185586,6,0.37777779,235,0.0,2.1099999999999994,0.9843239405429379,,,,
186,-23.597370579748656,4,0.24444444,225,0.0,2.012000000000001,0.9026780386499093,,,,
187,-64.74588604354344,1,0.28444445,239,0.0,2.0460000000000003,0.9441790695695556,,,,
188,-57.73581636505412,6,0.29333332,240,0.0,2.018,0.8967344243369405,,,,
189,-13.371827492383062,5,0.23111111,239,0.0,2.145999999999998,0.8508151661588668,,,,
190,34.561603960449446,6,0.29777777,226,0.0,2.104,0.8155197359700315,,,,
191,48.03528700958377,6,0.32,227,0.0,2.011,0.86620753269441,,,,
192,327.8436700452919,7,0.51555556,204,0.0,2.0250000000000004,0.8101819969805248,2534.2860365408287,0.014690806232242615,5063.288818359375,2.6269365549087524
193,391.7454645569536,9,0.51111114,199,0.0,2.01,0.7797690295364248,,,,
194,255.3609291863965,6,0.4,206,0.0,2.057999999999999,0.8320447209068979,,,,
195,288.0636395961957,6,0.48,206,0.0,2.0290000000000004,0.780690693586943,,,,
196,328.4918161950166,8,0.47111112,211,0.0,2.0919999999999987,0.8428655869988949,,,,
197,188.87868428314334,4,0.36444443,211,0.0,2.0110000000000006,0.8068610477904307,,,,
198,401.56998804850076,10,0.5466667,201,0.0,2.048999999999999,0.7819741300999454,,,,
199,401.42200631135756,9,0.5911111,202,0.0,2.025,0.7961329125761402,,,,
200,263.8287380425869,6,0.41333333,204,0.0,2.0399999999999996,0.7928307971608738,,,,
201,256.03593238370956,5,0.41333333,207,0.0,2.0669999999999997,0.7835245077526927,,,,
202,178.26003991478288,5,0.34666666,216,0.0,2.0220000000000007,0.8109840056811314,,,,
203,192.9791647592088,4,0.35555556,213,0.0,2.074999999999999,0.8127490160527474,,,,
204,299.46366824640637,7,0.42222223,201,0.0,2.1039999999999983,0.7957287835729087,,,,
205,249.1718379636459,7,0.38222224,200,0.0,2.0200000000000005,0.7759574690902716,,,,
206,204.66547481373254,5,0.31555554,208,0.0,2.023000000000001,0.8164883457511647,,,,
207,219.30991275348217,5,0.3511111,205,0.0,2.0539999999999994,0.8164858164345123,,,,
208,398.93801838282764,9,0.62666667,200,0.0,2.0389999999999997,0.791065441144827,,,,
209,151.70147704846272,4,0.26666668,218,0.0,2.0499999999999994,0.786808196769147,,,,
210,117.15250175817519,3,0.23555556,204,0.0,2.0110000000000006,0.7429532161216567,,,,
211,176.80067007049468,5,0.25333333,209,0.0,2.064999999999999,0.7614219953003484,,,,
212,315.47269576083147,7,0.47111112,207,0.0,2.107999999999998,0.8239002826112316,,,,
213,319.7260289695419,7,0.49333334,210,0.0,2.0220000000000002,0.8007180686972086,,,,
214,310.5294547823218,7,0.48444444,207,0.0,2.0559999999999996,0.8431830145118918,,,,
215,271.1950750637103,7,0.39555556,206,0.0,2.035,0.7285149957526389,,,,
216,329.92281001223154,8,0.4977778,206,0.0,2.0120000000000005,0.8128259991845612,,,,
217,173.5435422080972,4,0.33333334,207,0.0,2.084999999999999,0.8146438527935079,,,,
218,297.4607202870098,5,0.52,202,0.0,2.047,0.7794986475326743,,,,
219,318.6104750314631,7,0.49333334,212,0.0,2.094999999999999,0.804821664569127,,,,
220,330.8937540674434,8,0.44,210,0.0,2.0699999999999994,0.8256163955037724,,,,
221,152.2536652706718,3,0.3511111,214,0.0,2.033999999999999,0.8301823152885514,,,,
222,226.38260327204875,5,0.38666666,213,0.0,2.0929999999999995,0.8363064485300744,,,,
223,277.6571812688431,6,0.4488889,210,0.0,2.1099999999999985,0.8148545820771123,,,,
224,62.606247127832205,2,0.29777777,224,0.0,2.016000000000001,0.9436901914778436,446.48651225457604,0.013502340416279734,888.4290390014648,2.258490413427353
225,85.83492534504676,5,0.31111112,234,0.0,2.101999999999999,0.9446849769968769,,,,
226,12.802280433366125,1,0.24444444,237,0.0,2.027000000000001,0.831927971108921,,,,
227,28.745733536432045,3,0.24,229,0.0,2.1019999999999976,0.8421777642378567,,,,
228,156.61691415972683,5,0.32,235,0.0,2.0959999999999996,0.8944723893515466,,,,
229,54.13100725561724,3,0.28,241,0.0,2.065,0.9027595162921732,,,,
230,146.99111740698496,4,0.3511111,217,0.0,2.0469999999999993,0.8590721728676705,,,,
231,25.396343631378063,3,0.26222223,232,0.0,2.024000000000001,0.8790437579081237,,,,
232,34.86505278466863,3,0.24,234,0.0,2.011000000000001,0.8120631476887531,,,,
233,14.242981625253224,4,0.25333333,231,0.0,2.0230000000000006,0.8971078916497808,,,,
234,171.53673028212336,6,0.37777779,229,0.0,2.0340000000000007,0.8820313145251095,,,,
235,88.25463343869026,4,0.25777778,229,0.0,2.075,0.7562777707539845,,,,
236,19.82289158027848,2,0.26222223,231,0.0,2.0170000000000012,0.8266605613147671,,,,
237,145.1907354232021,5,0.33777776,240,0.0,2.106999999999999,0.9087776384531894,,,,
238,54.83416645179614,4,0.2888889,236,0.0,2.013,0.9490555698802501,,,,
239,17.7128135776777,3,0.22222222,237,0.0,2.0220000000000007,0.8225857614881508,,,,
240,95.24790206732737,4,0.30222222,235,0.0,2.0070000000000006,0.84213986217817,,,,
241,45.13162154866922,3,0.30222222,242,0.0,2.0810000000000004,0.8798385634220484,,,,
242,116.60861367395763,3,0.34666666,224,0.0,2.008000000000001,0.7808924217361564,,,,
243,174.73700334999796,5,0.40444446,229,0.0,2.116999999999999,0.9467597766667892,,,,
244,-74.1731451947379,2,0.18666667,238,0.0,2.1009999999999995,0.8267163463158537,,,,
245,237.81110380863666,6,0.45333335,220,0.0,2.0989999999999998,0.870113079424214,,,,
246,69.23722946814655,5,0.23111111,232,0.0,2.0849999999999995,0.941091368790227,,,,
247,174.2366143069883,5,0.40444446,226,0.0,2.039,0.8323323795341072,,,,
248,226.30668429550917,7,0.46666667,213,0.0,2.0060000000000002,0.8103543802993883,,,,
249,77.40684164933303,3,0.30666667,233,0.0,2.07,0.8204772233777831,,,,
250,181.86609708405524,6,0.41333333,234,0.0,2.135,0.83802019439631,,,,
251,134.53146585385238,4,0.2888889,227,0.0,2.093,0.7894222764098344,,,,
252,65.65341682564669,4,0.27555555,226,0.0,2.0380000000000003,0.7793722116235561,,,,
253,107.94179685189096,5,0.33777776,233,0.0,2.049,0.892546876540599,,,,
254,29.84775055718092,4,0.23111111,217,0.0,2.0069999999999997,0.7440699628546006,,,,
255,249.18548535637873,8,0.40444446,222,0.0,2.0479999999999996,0.8820876429080733,,,,
256,241.74072595219778,7,0.34666666,209,0.0,2.0539999999999994,0.8434716031868177,993.7654061660173,0.15927793905162657,1983.8032989501953,1.7044787518680096
257,192.25722211924077,5,0.30666667,213,0.0,2.068,0.7478118587172737,,,,
258,206.2375596474137,4,0.40444446,209,0.0,2.021000000000001,0.8178693568390735,,,,
259,154.35975213539385,4,0.33777776,218,0.0,2.1029999999999993,0.8890031909737339,,,,
260,284.4761586277053,8,0.4,215,0.0,2.117999999999998,0.9122560914863086,,,,
261,180.7207143724333,4,0.36444443,218,0.0,2.0739999999999994,0.7569657085044416,,,,
262,266.77063166556087,6,0.46222222,214,0.0,2.0529999999999995,0.7966512222959402,,,,
263,175.7800476568046,5,0.37777779,231,0.0,2.120999999999999,0.8554101562130231,,,,
264,185.9025761728855,4,0.34666666,211,0.0,2.0080000000000005,0.7726549218076247,,,,
265,224.11999336914872,4,0.44444445,215,0.0,2.0260000000000007,0.7754404420567621,,,,
266,154.05771234945277,3,0.33777776,213,0.0,2.0280000000000005,0.7862858433698235,,,,
267,199.92984791826345,5,0.32,204,0.0,2.0229999999999997,0.7781701387824369,,,,
268,109.80626139882015,3,0.2711111,222,0.0,2.0549999999999997,0.8693959067453186,,,,
269,157.9165524656268,4,0.29777777,213,0.0,2.0599999999999996,0.8573498356248713,,,,
270,295.9689702073691,6,0.51111114,212,0.0,2.056,0.8128153195087016,,,,
271,297.11049721989673,7,0.47111112,204,0.0,2.011,0.8325268520069016,,,,
272,242.61722320490495,7,0.37333333,222,0.0,2.064,0.8590651196729906,,,,
273,147.78463099416447,4,0.29333332,218,0.0,2.120999999999999,0.8052112670556892,,,,
274,295.66920308103687,7,0.48,213,0.0,2.037,0.7881864612641892,,,,
275,155.68960223017572,5,0.31111112,214,0.0,2.0679999999999987,0.8171998513216092,,,,
276,123.76867065735608,4,0.28444445,222,0.0,2.018,0.8159019561762498,,,,
277,181.35529949962464,5,0.3422222,213,0.0,2.101999999999999,0.8041000333583486,,,,
278,260.81839842924273,8,0.38666666,220,0.0,2.107999999999999,0.879946771383819,,,,
279,220.56347812008843,6,0.34666666,214,0.0,2.092999999999998,0.8478481253274261,,,,
280,107.91541650382776,2,0.29777777,216,0.0,2.015000000000001,0.7615322330781404,,,,
281,201.76945412476215,4,0.40444446,225,0.0,2.0959999999999996,0.8727297250158466,,,,
282,196.76329594456374,5,0.4,215,0.0,2.033000000000001,0.7689002703624221,,,,
283,263.21855802288036,7,0.4311111,218,0.0,2.048,0.8650561318079892,,,,
284,168.62450503264182,4,0.3511111,211,0.0,2.006,0.8432463311572078,,,,
285,328.3203949479965,8,0.4888889,201,0.0,2.0299999999999994,0.7690403368002253,,,,
286,300.49347199170154,7,0.45333335,207,0.0,2.0290000000000004,0.8174218672198936,,,,
287,177.34044781158605,4,0.38666666,225,0.0,2.0779999999999994,0.824103479227597,,,,
288,-565.3334973822143,3,0.115555555,302,0.0,2.0169999999999995,1.4995931588142823,23304.24868749932,0.008808055077513366,46607.67529296875,0.40223295986652374
289,-682.6365195687102,2,0.11111111,317,0.0,2.015000000000001,1.3651813045807033,,,,
290,-613.0431300889062,3,0.11111111,307,0.0,2.0140000000000007,1.142102005927067,,,,
291,-694.3368791443478,2,0.08888889,318,0.0,2.0649999999999986,1.2333386096231764,,,,
292,-596.7339895462209,4,0.13777778,316,0.0,2.037,1.3257859697480465,,,,
293,-764.2520304847336,1,0.10666667,320,0.0,2.0170000000000012,0.9059486989822186,,,,
294,-572.1503603895612,2,0.13777778,304,0.0,2.037,1.3022373593040693,,,,
295,-524.656770581012,1,0.15111111,300,0.0,2.0470000000000006,1.1065847054008344,,,,
296,-323.372112472177,4,0.25777778,283,0.0,2.0180000000000007,0.9247274981451393,,,,
297,-683.457302381813,2,0.12444445,318,0.0,2.007000000000001,1.0571001587875197,,,,
298,-624.059309655091,2,0.15111111,314,0.0,2.037,1.3454473103393894,,,,
299,-495.26425657371516,4,0.15555556,302,0.0,2.020000000000001,0.9939637715809848,,,,
300,-693.7164689961858,2,0.12,313,0.0,2.0260000000000007,1.0169379330790465,,,,
301,-543.0900035101113,4,0.16,308,0.0,2.016000000000001,1.2577869006740552,,,,
302,-541.2090260296969,3,0.14222223,308,0.0,2.0360000000000005,1.281401735313123,,,,
303,-556.727889566339,2,0.16888888,301,0.0,2.0260000000000002,1.1613526377559236,,,,
304,-639.9458104170124,3,0.10666667,315,0.0,2.0200000000000005,1.2374273611341284,,,,
305,-556.1854715628202,4,0.16888888,312,0.0,2.0270000000000006,1.2817781041880123,,,,
306,-653.4612395892042,3,0.12444445,314,0.0,2.021000000000001,1.1958159726136166,,,,
307,-525.7285029506297,3,0.15555556,306,0.0,2.037000000000001,1.0607801967086676,,,,
308,-574.1395284919105,2,0.115555555,296,0.0,2.021,1.4585018994606649,,,,
309,-678.7455921864195,3,0.075555556,315,0.0,2.0070000000000006,1.2427461457612778,,,,
310,-612.892791062192,2,0.12444445,312,0.0,2.059,1.1025860708128092,,,,
311,-485.1104458297745,2,0.15555556,299,0.0,2.068,0.9875763886516375,,,,
312,-446.6471185535992,3,0.19111112,294,0.0,2.0060000000000007,0.8957012369065935,,,,
313,-646.5528079774208,4,0.12444445,317,0.0,2.0250000000000012,1.2897071984947117,,,,
314,-643.1597351301737,3,0.10222222,311,0.0,2.023000000000001,1.2220356753449342,,,,
315,-344.6255799480988,3,0.17333333,277,0.0,2.018000000000001,1.2474653298732532,,,,
316,-535.2331416294063,2,0.12444445,298,0.0,2.0280000000000005,1.1209027752937184,,,,
317,-714.370825870247,2,0.12888889,316,0.0,2.007000000000001,1.0817083913498051,,,,
318,-390.4099214293739,3,0.17333333,287,0.0,2.011000000000001,1.0864214286249505,,,,
319,-437.01800472735414,4,0.20888889,300,0.0,2.0430000000000006,0.8628803151569474,,,,
320,-323.9235837150912,3,0.18222222,275,0.0,2.038,0.8713855810060487,10527.759013534731,0.2075973835059255,21050.991943359375,2.055444471538067
321,-477.3792348206302,3,0.13333334,299,0.0,2.037,1.2190689880420071,,,,
322,-357.0779007331949,2,0.24444444,280,0.0,2.0120000000000005,0.9410333822129712,,,,
323,-513.0291221706293,4,0.093333334,292,0.0,2.0020000000000002,1.4268214780419453,,,,
324,-537.4198760771628,1,0.16888888,296,0.0,2.039000000000001,1.0384717384775115,,,,
325,-392.01831690266295,5,0.20888889,292,0.0,2.02,1.1316744601775226,,,,
326,-463.66428036677354,2,0.13333334,292,0.0,2.0170000000000012,1.0631653577848885,,,,
327,-406.26339367469967,1,0.14222223,285,0.0,2.0740000000000003,1.0127595783133043,,,,
328,-195.62371273122844,3,0.24444444,269,0.0,2.023000000000001,0.8032075154152283,,,,
329,-461.50285967768997,2,0.15111111,292,0.0,2.025000000000001,1.160323978512636,,,,
330,-401.57538055644466,1,0.25777778,285,0.0,2.022000000000001,1.0224120370962897,,,,
331,-448.0048761489144,5,0.17777778,300,0.0,2.0440000000000005,1.1343784099276264,,,,
332,-424.02320701920365,3,0.20888889,295,0.0,2.0140000000000007,1.0038138012802555,,,,
333,-418.72437705449215,1,0.18222222,288,0.0,2.0130000000000012,1.0882918036328115,,,,
334,-486.3726865016015,3,0.17333333,295,0.0,2.0370000000000004,1.2014057667734264,,,,
335,-535.1009038060245,2,0.12888889,301,0.0,2.0759999999999996,1.072140253734957,,,,
336,-417.3700258005804,4,0.20444444,296,0.0,2.0700000000000003,1.2262150533720177,,,,
337,-334.30659669912575,3,0.14222223,271,0.0,2.0180000000000002,1.1217464466083729,,,,
338,-474.89679091310296,3,0.14222223,290,0.0,2.011,1.123866060873535,,,,
339,-489.9967704327604,2,0.13777778,289,0.0,2.012,1.1458380288507055,,,,
340,-551.5534805851769,3,0.115555555,301,0.0,2.0210000000000004,1.2233787056784622,,,,
341,-273.42178575298107,5,0.23555556,280,0.0,2.0519999999999996,0.9794257168654151,,,,
342,-509.1251452482162,3,0.18666667,303,0.0,2.047000000000001,1.1582363498811044,,,,
343,-485.0032142333304,3,0.15555556,298,0.0,2.041,1.0043476155553603,,,,
344,-280.27446141023825,4,0.22666667,280,0.0,2.05,0.9810440940158897,,,,
345,-408.59277061617735,3,0.20444444,293,0.0,2.034000000000001,1.1364513744118327,,,,
346,-393.9389344118663,2,0.15555556,287,0.0,2.0350000000000006,1.0810756274577529,,,,
347,-189.09675321960236,6,0.26666668,276,0.0,2.072,1.0504235479734767,,,,
348,-407.06343251353707,2,0.2,287,0.0,2.057,1.257668834235801,,,,
349,-336.7447942526211,3,0.25777778,281,0.0,2.006000000000001,1.0162396168414267,,,,
350,-531.987408582148,2,0.14666666,298,0.0,2.0140000000000016,1.2424405721432024,,,,
351,-401.34218680161723,2,0.20444444,278,0.0,2.009,0.9967057867744603,,,,
352,309.86131585694875,7,0.45777777,206,0.0,2.049,0.8216989428700714,2874.2071605132332,0.045512552689488395,5743.2852783203125,2.5190088003873825
353,209.76646611011483,5,0.32,194,0.0,2.0020000000000002,0.7439689259923491,,,,
354,254.341342522759,6,0.38222224,202,0.0,2.0349999999999997,0.8304438318160658,,,,
355,218.61418746973624,4,0.3911111,207,0.0,2.029000000000001,0.7661741686842596,,,,
356,237.74566997206153,6,0.38222224,210,0.0,2.037,0.7983153351958948,,,,
357,209.4376806018781,4,0.36444443,204,0.0,2.0180000000000002,0.8135146265414585,,,,
358,291.49198496232106,6,0.43555555,199,0.0,2.0149999999999997,0.7658676691785935,,,,
359,100.56530834440554,3,0.25777778,221,0.0,2.0969999999999995,0.788179443706293,,,,
360,249.54103961104772,5,0.38666666,198,0.0,2.006,0.7725440259301438,,,,
361,385.6573756566702,9,0.5422222,203,0.0,2.026,0.7928949562219896,,,,
362,280.84464638342047,7,0.42222223,200,0.0,2.0240000000000005,0.7828902411053036,,,,
363,223.59837164892227,5,0.36888888,211,0.0,2.0480000000000005,0.7863218900718542,,,,
364,292.72044316570447,7,0.38222224,201,0.0,2.0389999999999997,0.8036237889530145,,,,
365,352.7114420127656,8,0.50666666,200,0.0,2.0719999999999983,0.7653171991489425,,,,
366,335.02048335914634,8,0.46222222,207,0.0,2.0789999999999993,0.7931411093902697,,,,
367,207.86838587881857,5,0.31111112,197,0.0,2.0249999999999995,0.7711476080787544,,,,
368,294.5600970307158,6,0.4311111,197,0.0,2.019,0.7620201979522773,,,,
369,86.00183515579835,2,0.21333334,209,0.0,2.038,0.7702243229467729,,,,
370,276.50436372336554,6,0.42222223,202,0.0,2.0360000000000005,0.7820557517756304,,,,
371,353.9282034671597,9,0.44,206,0.0,2.1209999999999978,0.8072131021893687,,,,
372,388.02364685273966,9,0.5644444,202,0.0,2.007,0.7922368764840211,,,,
373,282.9826438360494,8,0.36,198,0.0,2.037999999999999,0.7658504109300593,,,,
374,269.2671064617493,6,0.36,197,0.0,2.043999999999999,0.790406235883374,,,,
375,312.0598122215877,8,0.47555557,195,0.0,2.011,0.7947325185608066,,,,
376,259.86490175031787,7,0.33333334,205,0.0,2.023,0.7517265499788001,,,,
377,249.3680842180477,5,0.40444446,201,0.0,2.0300000000000002,0.7943943854634823,,,,
378,439.56722455824325,10,0.5644444,197,0.0,2.0369999999999995,0.7591183627837762,,,,
379,279.0555778228114,6,0.42222223,193,0.0,2.018,0.7547214784792347,,,,
380,228.84595870233196,5,0.32444444,195,0.0,2.0070000000000006,0.7834160865111883,,,,
381,299.67329196880587,7,0.4311111,201,0.0,2.0459999999999994,0.8115138687462699,,,,
382,171.37517038599307,5,0.30222222,214,0.0,2.087,0.8166153076004596,,,,
383,335.40784286897895,7,0.5377778,198,0.0,2.013,0.7719038087347162,,,,
384,-107.80722503102838,4,0.21777777,252,0.0,2.047999999999999,0.9676016687352165,2629.420027847271,0.10006576297736736,5254.264221191406,2.1878514885902405
385,-164.71871292943052,6,0.27555555,270,0.0,2.096,1.0015141952953697,,,,
386,-37.78216737750656,4,0.26666668,251,0.0,2.0689999999999986,1.0257178251670966,,,,
387,-59.02474570169132,3,0.18666667,237,0.0,2.085999999999999,0.8553297134460823,,,,
388,-106.21585735680434,7,0.32,256,0.0,2.057999999999999,0.9562838237869565,,,,
389,-168.0636561499961,3,0.17777778,253,0.0,2.1099999999999994,0.9214437433330712,,,,
390,-167.38688865364435,4,0.23555556,259,0.0,2.1689999999999974,0.9826992435762911,,,,
391,-123.45408241705957,0,0.22222222,254,0.0,2.0500000000000003,0.978378827803966,,,,
392,-115.79168969718991,3,0.27555555,255,0.0,2.0420000000000007,0.9803259798126548,,,,
393,-122.62931152842084,5,0.24444444,264,0.0,2.1459999999999977,0.9705141018947246,,,,
394,-78.17594322593438,5,0.18222222,250,0.0,2.122999999999998,0.9050628817289535,,,,
395,-73.79830468697531,2,0.15111111,246,0.0,2.065999999999999,0.8226603124650197,,,,
396,-114.68156180499912,4,0.23111111,260,0.0,2.0550000000000006,0.8632241203332661,,,,
397,-64.171808071602,4,0.17333333,245,0.0,2.0939999999999976,0.9165205381067952,,,,
398,-1.7995378537542241,5,0.31555554,254,0.0,2.057999999999999,0.9385825235836087,,,,
399,-95.08973545390387,5,0.28,249,0.0,2.1019999999999985,0.9287023635935896,,,,
400,-26.391230401412866,4,0.2488889,240,0.0,2.0379999999999985,0.9331486934275204,,,,
401,1.799999456855073,7,0.2888889,249,0.0,2.0290000000000004,0.8991733695429822,,,,
402,-80.67830228048317,3,0.26222223,252,0.0,2.0769999999999995,0.9713268186988727,,,,
403,-25.647255718658663,3,0.29333332,239,0.0,2.026,0.8769903812439078,,,,
404,-164.19677391470105,4,0.19111112,266,0.0,2.089999999999998,1.0347449276467349,,,,
405,-0.32078950283692853,4,0.26222223,244,0.0,2.0609999999999986,0.9603193001891265,,,,
406,-33.28626810569068,6,0.30666667,255,0.0,2.03,1.0000445403793743,,,,
407,-260.07242933917905,3,0.19111112,252,0.0,2.03,0.9466686226119346,,,,
408,-96.33372892269449,5,0.23111111,244,0.0,2.0769999999999986,0.9859285948462972,,,,
409,-113.34717351251926,3,0.2,250,0.0,2.143999999999998,0.8959182341679486,,,,
410,-159.8098450324067,2,0.2488889,260,0.0,2.0709999999999993,1.0041496688271108,,,,
411,-41.978276013637114,7,0.25333333,247,0.0,2.012,0.9764717342424695,,,,
412,-99.10712703007727,4,0.21777777,253,0.0,2.084,0.9271684686718237,,,,
413,-47.15177569355692,4,0.19555555,249,0.0,2.0999999999999983,0.8932650462371207,,,,
414,30.773033290099608,5,0.31555554,244,0.0,2.036000000000001,1.0070777806600215,,,,
415,-100.72140710456335,2,0.14666666,251,0.0,2.053,0.8489471403042185,,,,
416,260.2039783198772,5,0.45777777,209,0.0,2.0430000000000006,0.8099214453415124,2984.3219675504897,0.037691005442137104,5963.4615478515625,2.55350261926651
417,360.77787006948927,9,0.46222222,203,0.0,2.0190000000000006,0.7887286620340387,,,,
418,286.01902050816403,7,0.4,210,0.0,2.1029999999999998,0.8051052994557159,,,,
419,281.9385906135601,6,0.44444445,202,0.0,2.0100000000000007,0.7857206257626543,,,,
420,382.8415040753392,9,0.51111114,197,0.0,2.004,0.812033061644048,,,,
421,272.32478015416314,6,0.41777778,206,0.0,2.078999999999999,0.776321323055779,,,,
422,258.93764943496876,6,0.40444446,201,0.0,2.021,0.8000233710020592,,,,
423,239.8107617919743,5,0.43555555,208,0.0,2.0299999999999994,0.7717358805350385,,,,
424,368.40715261744117,8,0.5377778,199,0.0,2.0020000000000007,0.7582964921705805,,,,
425,330.79874293479776,8,0.4488889,203,0.0,2.0670000000000006,0.810697137680158,,,,
426,398.42436351333504,9,0.5822222,200,0.0,2.0190000000000006,0.7702424324443401,,,,
427,340.58443933730223,7,0.5288889,207,0.0,2.1099999999999985,0.8177573775132025,,,,
428,278.4242904899411,7,0.42222223,201,0.0,2.046999999999999,0.7952873006705787,,,,
429,165.70856108037466,4,0.28444445,212,0.0,2.0549999999999997,0.8014025946416807,,,,
430,205.23530175237968,6,0.32,207,0.0,2.110999999999998,0.8134598831746778,,,,
431,279.7609744221294,7,0.43555555,210,0.0,2.046,0.8447083718580394,,,,
432,305.338725967812,7,0.46222222,202,0.0,2.0429999999999993,0.8034182688125391,,,,
433,321.86794517325734,7,0.47555557,201,0.0,2.066999999999999,0.7839503217828532,,,,
434,330.0035640695756,6,0.5555556,207,0.0,2.104999999999999,0.8048023953616203,,,,
435,230.73756520848238,6,0.33777776,205,0.0,2.042999999999999,0.7854156527678466,,,,
436,174.69061051979608,5,0.27555555,190,0.0,2.0149999999999997,0.7674526320135869,,,,
437,371.05687523883023,9,0.50666666,206,0.0,2.0529999999999995,0.8225283174113343,,,,
438,179.37696377111982,4,0.33333334,214,0.0,2.043999999999999,0.7864157485920141,,,,
439,302.32461325659807,7,0.46222222,202,0.0,2.008,0.7829457828934666,,,,
440,324.00790658378133,7,0.47555557,196,0.0,2.038999999999999,0.7568595610812432,,,,
441,379.370764662817,9,0.4977778,203,0.0,2.080999999999998,0.7649356891455379,,,,
442,303.10166698594276,7,0.43555555,202,0.0,2.02,0.7763422009371381,,,,
443,258.39178107290655,6,0.36888888,199,0.0,2.008,0.7898279284728936,,,,
444,311.82060591141595,6,0.53333336,205,0.0,2.026,0.7921196059055998,,,,
445,220.2636671966299,6,0.32444444,201,0.0,2.01,0.7787688535579951,,,,
446,375.43369628334034,8,0.5466667,206,0.0,2.0619999999999994,0.8089002477773063,,,,
447,259.5837660801536,6,0.38222224,197,0.0,2.006,0.7695355946564097,,,,
448,-53.566517265992864,2,0.22222222,238,0.0,2.0150000000000006,0.8524078177328507,1507.133404552754,0.03667572122429785,3009.9703063964844,2.11157563328743
449,43.828899586043796,5,0.30666667,243,0.0,2.039000000000001,0.8744733609304067,,,,
450,-21.16951531363923,4,0.28,246,0.0,2.031000000000001,0.8694610209092768,,,,
451,-73.84647450807074,3,0.32,243,0.0,2.012000000000001,0.932084967204712,,,,
452,-55.58598573220685,4,0.27555555,256,0.0,2.0580000000000003,0.8711457154804556,,,,
453,-8.671731946391024,3,0.21777777,234,0.0,2.029,0.9149154630927305,,,,
454,-114.69700177022263,1,0.23111111,238,0.0,2.0470000000000006,0.8538534513481707,,,,
455,144.32097812522574,6,0.36888888,230,0.0,2.0470000000000006,0.919268124984944,,,,
456,-36.88495196586198,4,0.25333333,250,0.0,2.0559999999999996,0.7921967977241208,,,,
457,-55.450579225097,2,0.2,238,0.0,2.0030000000000014,0.8213452816731281,,,,
458,-22.83149890742491,4,0.22222222,246,0.0,2.058,0.8765265938283214,,,,
459,42.1875004091136,5,0.24444444,243,0.0,2.025000000000001,0.8702199727257564,,,,
460,13.743444221571409,5,0.30666667,242,0.0,2.046,0.8791570518952347,,,,
461,23.38681327323163,3,0.28444445,238,0.0,2.0740000000000003,0.884745781784553,,,,
462,37.44640688135478,5,0.2488889,224,0.0,2.007,0.8434662079096749,,,,
463,93.23430666544057,4,0.30666667,224,0.0,2.0060000000000002,0.8607262223039567,,,,
464,36.55127255229261,4,0.22666667,234,0.0,2.066,0.8139951631804867,,,,
465,-55.270248355950315,3,0.18222222,239,0.0,2.0200000000000005,0.8417498903966826,,,,
466,-163.18396053772506,1,0.11111111,248,0.0,2.0290000000000004,0.8200773691816591,,,,
467,-81.27148949494153,2,0.20444444,246,0.0,2.0060000000000007,0.8986326329961,,,,
468,-93.18521020541172,2,0.25333333,242,0.0,2.0620000000000007,0.8100540136941088,,,,
469,23.934549577401288,4,0.35555556,241,0.0,2.048000000000001,0.9292700281732408,,,,
470,38.196007504209966,3,0.28,237,0.0,2.055000000000001,0.9054128330526621,,,,
471,-52.313558441252326,4,0.2711111,242,0.0,2.023,0.8904772294168157,,,,
472,-26.139278274393693,3,0.25333333,243,0.0,2.041,0.8572052182929061,,,,
473,87.1775752593604,5,0.29333332,238,0.0,2.0669999999999997,0.8941083160426375,,,,
474,-52.37877032524512,2,0.26222223,249,0.0,2.0390000000000006,0.8363980216830045,,,,
475,-111.85538491871108,2,0.24,253,0.0,2.020000000000001,0.9059056612474041,,,,
476,-198.66072567563097,1,0.12444445,249,0.0,2.037,0.8110883783753942,,,,
477,-86.57665233232824,4,0.2488889,254,0.0,2.0660000000000003,0.798310155488541,,,,
478,-157.0419992102424,2,0.12888889,237,0.0,2.0000000000000004,0.8170132806828282,,,,
479,-53.96938108609596,3,0.28,253,0.0,2.0980000000000003,0.9114254057397261,,,,
480,411.27072397059976,10,0.51555556,197,0.0,2.028,0.7874717352933274,2421.4980368720344,0.01956988442461549,4838.182312011719,2.3873109817504883
481,270.79678480648363,6,0.39555556,199,0.0,2.0480000000000005,0.7821343462344352,,,,
482,286.9782938789952,7,0.47555557,199,0.0,2.0020000000000002,0.7807537414003234,,,,
483,290.9748169267217,6,0.47111112,205,0.0,2.0310000000000006,0.7502388715518724,,,,
484,243.66751273956834,5,0.3911111,200,0.0,2.021,0.7434458173620919,,,,
485,346.41641920513587,8,0.47555557,195,0.0,2.0080000000000005,0.7746920529909596,,,,
486,201.7515685166287,5,0.3288889,208,0.0,2.0269999999999997,0.7915220988914176,,,,
487,228.0471295540786,5,0.34666666,196,0.0,2.035999999999999,0.7458980297280832,,,,
488,290.220306749859,7,0.45333335,204,0.0,2.0489999999999995,0.79984621667607,,,,
489,159.7586121582135,4,0.26222223,207,0.0,2.051999999999999,0.787665856119103,,,,
490,279.5923088696337,6,0.44444445,200,0.0,2.0699999999999985,0.7696594086910745,,,,
491,318.27061026808053,7,0.47555557,202,0.0,2.062,0.7728393154613018,,,,
492,304.2275420294906,7,0.41777778,200,0.0,2.028,0.7588038647006154,,,,
493,270.1079227760518,6,0.44,207,0.0,2.0679999999999996,0.8000318149298902,,,,
494,272.13202032908134,6,0.41333333,203,0.0,2.075,0.7751719780612462,,,,
495,350.7294253969822,8,0.50222224,205,0.0,2.037,0.8271316402011977,,,,
496,231.74298886831392,5,0.4,211,0.0,2.05,0.8395607421124065,,,,
497,130.21435617296686,3,0.28,208,0.0,2.009000000000001,0.7781362551355452,,,,
498,284.1124024146583,7,0.46666667,229,0.0,2.1049999999999986,0.8440531723560988,,,,
499,207.6848568237902,3,0.44444445,203,0.0,2.0080000000000013,0.7829028784139783,,,,
500,363.6579195942683,8,0.5777778,203,0.0,2.0309999999999997,0.7629120270487779,,,,
501,348.86992681920674,8,0.48,195,0.0,2.03,0.7623515453862283,,,,
502,388.2765934056241,10,0.48,192,0.0,2.0149999999999997,0.7292937729583769,,,,
503,247.50915066751006,5,0.4488889,213,0.0,2.068000000000001,0.7987232888326669,,,,
504,241.0177196949462,6,0.33333334,207,0.0,2.1019999999999985,0.8384986870035751,,,,
505,262.375383329981,5,0.5733333,201,0.0,2.020000000000001,0.7725477780012535,,,,
506,381.3160036073366,9,0.5377778,203,0.0,2.0469999999999993,0.8082397595108993,,,,
507,329.4963361319677,7,0.49333334,195,0.0,2.013,0.7734442578688183,,,,
508,343.77179589973093,9,0.45777777,203,0.0,2.0239999999999996,0.8026002733512593,,,,
509,151.74360754354552,3,0.2888889,204,0.0,2.053999999999999,0.7958394970969611,,,,
510,193.06192256453858,6,0.35555556,221,0.0,2.1449999999999982,0.8267251623641018,,,,
511,162.05599146415918,4,0.26222223,206,0.0,2.0089999999999995,0.7865605690560421,,,,
512,212.48632716291388,6,0.30666667,199,0.0,2.0399999999999996,0.7774981891390741,917.9327933966517,0.037725064098850236,1831.673812866211,2.058161899447441
513,212.98087675917498,6,0.37333333,211,0.0,2.069999999999999,0.8906082160550048,,,,
514,118.1360244348931,3,0.32,226,0.0,2.0750000000000006,0.8536250376737999,,,,
515,260.53903122653026,8,0.4,220,0.0,2.0919999999999996,0.8761712515646477,,,,
516,214.45482073889931,7,0.38666666,213,0.0,2.1169999999999973,0.8271452840733872,,,,
517,146.85154226535008,4,0.37777779,224,0.0,2.0829999999999997,0.847417182309984,,,,
518,217.5457802332937,6,0.38666666,200,0.0,2.0149999999999997,0.8034013177804121,,,,
519,280.05361997423876,8,0.37333333,202,0.0,2.055999999999999,0.8147720017174033,,,,
520,223.7451931851278,6,0.4,221,0.0,2.1169999999999987,0.8529071209914786,,,,
521,294.9800790498687,7,0.44,204,0.0,2.0279999999999996,0.773541396675415,,,,
522,132.38930407700585,5,0.32444444,218,0.0,2.0330000000000013,0.8617530615329428,,,,
523,214.05743187604523,7,0.36,209,0.0,2.062,0.8282778749303131,,,,
524,170.58581196755372,5,0.30666667,214,0.0,2.0100000000000002,0.8565458688297518,,,,
525,152.26936862361984,4,0.25333333,216,0.0,2.012000000000001,0.84374875842534,,,,
526,128.857282269836,3,0.30666667,215,0.0,2.027000000000001,0.7689545153442648,,,,
527,126.38379349686902,5,0.2888889,220,0.0,2.058,0.8749204335420604,,,,
528,156.41681283807264,5,0.24444444,206,0.0,2.0100000000000002,0.8249591441284833,,,,
529,190.5937021997888,5,0.33777776,211,0.0,2.033000000000001,0.7893265200140774,,,,
530,309.74152752385174,7,0.45777777,205,0.0,2.0250000000000004,0.7853648317431973,,,,
531,210.90143387264075,5,0.34666666,210,0.0,2.057,0.7547844084906152,,,,
532,240.07508945967626,7,0.36888888,217,0.0,2.067999999999999,0.8586207026882384,,,,
533,266.3273268348187,6,0.43555555,209,0.0,2.0080000000000013,0.7834315443454116,,,,
534,204.33073314360297,5,0.32444444,202,0.0,2.0080000000000005,0.7573644570931356,,,,
535,290.875526514308,7,0.40888888,205,0.0,2.050999999999999,0.7924048990461325,,,,
536,203.49718497308618,5,0.32,206,0.0,2.035,0.7379210017942388,,,,
537,275.0215295798793,7,0.38666666,202,0.0,2.0449999999999995,0.7753646946747105,,,,
538,65.78018294594263,4,0.21333334,209,0.0,2.036999999999999,0.7996144702704963,,,,
539,150.4583215649751,4,0.3911111,214,0.0,2.0299999999999994,0.7797385623349811,,,,
540,197.23291694589938,6,0.29777777,211,0.0,2.0919999999999987,0.8393522036067033,,,,
541,153.62349413382637,5,0.33333334,216,0.0,2.1009999999999978,0.8244070577448976,,,,
542,221.20807306296365,6,0.30222222,205,0.0,2.0109999999999997,0.8191417958024214,,,,
543,31.817563720142726,3,0.2,217,0.0,2.113999999999997,0.8099224186571453,,,,
544,267.0748389205752,7,0.38222224,204,0.0,2.0069999999999997,0.7837574052949794,1094.6640081573644,0.0376075972238501,2184.0563049316406,2.5982480943202972
545,124.90338054645919,5,0.27555555,223,0.0,2.145999999999998,0.967374630236042,,,,
546,183.22232707907503,5,0.37333333,211,0.0,2.0239999999999996,0.8868315280616438,,,,
547,45.3636495894994,4,0.20888889,217,0.0,2.033999999999999,0.8554633607000415,,,,
548,120.94262204277396,4,0.22222222,206,0.0,2.0349999999999997,0.8061985304817361,,,,
549,149.95540868510832,5,0.29333332,245,0.0,2.190999999999998,0.8749194209927763,,,,
550,190.24943410616012,7,0.41333333,234,0.0,2.2329999999999983,0.8421177262559937,,,,
551,263.3081299208618,7,0.39555556,205,0.0,2.0519999999999987,0.8920980052758856,,,,
552,191.12873032771782,6,0.27555555,208,0.0,2.1059999999999994,0.8961913114854819,,,,
553,55.30578833668358,3,0.23111111,229,0.0,2.1289999999999996,0.85692077755442,,,,
554,188.6098137270337,5,0.32444444,204,0.0,2.0100000000000002,0.8006524181977498,,,,
555,217.31124812461604,6,0.2888889,196,0.0,2.058999999999999,0.7734367916922622,,,,
556,172.40127827960006,5,0.29333332,210,0.0,2.0639999999999987,0.834848114693322,,,,
557,243.6483072774483,7,0.3422222,205,0.0,2.0069999999999997,0.8144328481700811,,,,
558,115.99737257827698,3,0.2888889,220,0.0,2.045,0.8420951614481872,,,,
559,266.6008054778972,7,0.38222224,213,0.0,2.0509999999999997,0.8017329681401945,,,,
560,40.38350750321365,4,0.21777777,245,0.0,2.2289999999999974,0.8879261664524307,,,,
561,128.8496388566813,3,0.26666668,205,0.0,2.034999999999999,0.8303440762212424,,,,
562,69.75482246792551,3,0.17777778,210,0.0,2.0369999999999995,0.8688518354716327,,,,
563,152.41268633891406,4,0.34666666,232,0.0,2.153999999999999,0.8550209107390565,,,,
564,141.6407171956798,4,0.35555556,217,0.0,2.047,0.7828321869546747,,,,
565,145.30088068710612,5,0.26222223,203,0.0,2.0189999999999992,0.8611412875262564,,,,
566,201.37337856648415,5,0.41777778,222,0.0,2.0820000000000003,0.849668095567715,,,,
567,115.0058882392727,5,0.30666667,232,0.0,2.1249999999999982,0.8892607840484845,,,,
568,298.57923511471193,7,0.52,200,0.0,2.011999999999999,0.7870109923525382,,,,
569,32.260000553759795,4,0.2888889,252,0.0,2.213999999999999,0.883386629749348,,,,
570,65.78891537762563,4,0.25333333,233,0.0,2.1619999999999977,0.8608189748249543,,,,
571,138.40515234611522,4,0.2888889,220,0.0,2.1489999999999974,0.8461098435923148,,,,
572,240.7280654788532,6,0.37777779,209,0.0,2.055999999999999,0.8301289680764494,,,,
573,195.29344270296363,5,0.36444443,213,0.0,2.078999999999999,0.8675838198024266,,,,
574,165.19842756749077,6,0.29333332,207,0.0,2.0139999999999993,0.7931448288339445,,,,
575,209.61594387332636,6,0.33777776,219,0.0,2.145999999999998,0.8849637417782462,,,,
576,309.39823177757137,8,0.45777777,200,0.0,2.0389999999999993,0.7907578814952325,1209.210048904749,0.04084005031211782,2413.461410522461,2.4385035932064056
577,83.15467703932597,5,0.28,224,0.0,2.064999999999999,0.8396881973782633,,,,
578,167.0806835816939,6,0.2711111,232,0.0,2.2159999999999975,0.8454744278870715,,,,
579,387.91768872627847,9,0.52,202,0.0,2.0540000000000007,0.7514874182481024,,,,
580,349.3228384877951,7,0.5422222,206,0.0,2.0709999999999993,0.7947707674803325,,,,
581,246.6987790637531,5,0.43555555,199,0.0,2.025000000000001,0.7536547290831291,,,,
582,294.40617670403265,7,0.44,200,0.0,2.0279999999999987,0.7655882197311548,,,,
583,230.32086931084655,5,0.36444443,208,0.0,2.0639999999999987,0.7933287126102339,,,,
584,228.89323042899633,5,0.37333333,206,0.0,2.0100000000000007,0.7561046380668965,,,,
585,229.15022521352773,5,0.4,199,0.0,2.021999999999999,0.7728116524314739,,,,
586,263.23644371071424,7,0.3422222,207,0.0,2.032999999999999,0.8140504192857297,,,,
587,229.22823035074074,5,0.40888888,215,0.0,2.0789999999999997,0.847424643283941,,,,
588,218.34286406397806,6,0.38222224,216,0.0,2.1259999999999986,0.8657557290681356,,,,
589,396.6444854767901,9,0.56,200,0.0,2.032,0.803274301547335,,,,
590,132.62380211373969,5,0.2488889,216,0.0,2.083999999999999,0.7999065257506788,,,,
591,268.79756221950066,6,0.44,207,0.0,2.013,0.8027225186999415,,,,
592,126.36674177614447,4,0.24444444,207,0.0,2.017999999999999,0.7867772149237007,,,,
593,382.5787535479994,8,0.58666664,201,0.0,2.0180000000000002,0.8118430968000477,,,,
594,282.13628193801986,7,0.41777778,199,0.0,2.0140000000000002,0.7713145374653538,,,,
595,335.0542154214771,8,0.48,203,0.0,2.0869999999999984,0.7931856385681703,,,,
596,75.39313945711419,3,0.25333333,225,0.0,2.0709999999999997,0.8271773695257146,,,,
597,310.2424872028491,8,0.42222223,214,0.0,2.1529999999999987,0.784927519810044,,,,
598,164.63314935797914,4,0.28,208,0.0,2.0539999999999994,0.7681367094680485,,,,
599,188.38346086877223,5,0.36888888,210,0.0,2.0580000000000003,0.7845959420818586,,,,
600,357.90785379728516,8,0.5422222,207,0.0,2.049999999999999,0.8313964135143145,,,,
601,217.5951443496663,5,0.3288889,194,0.0,2.021000000000001,0.7701637100222457,,,,
602,190.2594932334245,4,0.33777776,204,0.0,2.027000000000001,0.765100451105038,,,,
603,195.4380352043333,5,0.3511111,219,0.0,2.045,0.8099976530444555,,,,
604,257.3690558755549,5,0.41777778,198,0.0,2.045999999999999,0.7485962749629949,,,,
605,212.65699423884843,5,0.3511111,198,0.0,2.0119999999999996,0.7571337174100995,,,,
606,194.6200826739277,5,0.35555556,222,0.0,2.1099999999999985,0.8907411550714848,,,,
607,257.83255997026833,6,0.4488889,203,0.0,2.037,0.8052960019820983,,,,
608,305.70982738223137,8,0.43555555,212,0.0,2.081999999999999,0.8540115078512476,1890.4180671620884,0.14087287073524934,3777.423126220703,1.5656311810016632
609,63.67604612427914,3,0.23555556,217,0.0,2.008,0.8064235917147166,,,,
610,223.52652156348609,7,0.37333333,216,0.0,2.123999999999999,0.8231918957675892,,,,
611,133.67820015185876,6,0.32444444,224,0.0,2.069999999999999,0.9082799898760847,,,,
612,161.37021360535084,6,0.36,207,0.0,2.027999999999999,0.9223857596432808,,,,
613,64.70182359407511,4,0.22222222,225,0.0,2.066999999999999,0.8420650937283201,,,,
614,217.759190764017,7,0.3911111,223,0.0,2.1139999999999977,0.9796539490655432,,,,
615,169.2370804622327,5,0.31111112,210,0.0,2.050999999999999,0.83888796918448,,,,
616,350.83119689529764,9,0.53333336,211,0.0,2.0050000000000003,0.8254402069801705,,,,
617,124.01771352786409,5,0.33777776,233,0.0,2.0659999999999985,0.9263390981423872,,,,
618,150.8883603750265,5,0.33333334,222,0.0,2.0759999999999987,0.8250959749982255,,,,
619,-81.67392291023799,3,0.12,207,0.0,2.018999999999999,0.909114860682526,,,,
620,64.742590853189,5,0.30666667,220,0.0,2.0179999999999993,0.9012939431207279,,,,
621,323.0624234189143,10,0.40444446,209,0.0,2.0389999999999993,0.859225105405703,,,,
622,55.172869120587265,4,0.18222222,209,0.0,2.0109999999999992,0.8732220586275152,,,,
623,175.55577555234706,7,0.42222223,219,0.0,2.0199999999999987,0.9200682965101935,,,,
624,233.54795177883992,7,0.45333335,218,0.0,2.044999999999999,0.8693098814106622,,,,
625,333.2585599305188,10,0.49333334,204,0.0,2.0189999999999992,0.8570560046320761,,,,
626,313.6420501223352,9,0.47555557,209,0.0,2.0290000000000004,0.8597833251776571,,,,
627,377.00166556265884,10,0.51111114,206,0.0,2.045999999999999,0.7987689624894294,,,,
628,133.56470293527556,4,0.25333333,208,0.0,2.0109999999999992,0.8141131376483056,,,,
629,138.40337346564718,4,0.3511111,220,0.0,2.0200000000000014,0.8594017689568438,,,,
630,145.64991268528556,5,0.40888888,230,0.0,2.046,0.9036324876476143,,,,
631,24.420535288313086,3,0.2,222,0.0,2.0629999999999993,0.8620176474457887,,,,
632,162.21138806813389,5,0.2888889,217,0.0,2.083999999999999,0.8124941287910687,,,,
633,242.19833341455592,6,0.42222223,201,0.0,2.015,0.8298711056962665,,,,
634,87.85229843627627,4,0.2711111,228,0.0,2.1059999999999977,0.8620867709149087,,,,
635,230.16969997251627,7,0.41333333,213,0.0,2.027,0.8491933351655717,,,,
636,174.97211034774028,6,0.33777776,208,0.0,2.084999999999998,0.8109526434839799,,,,
637,174.9329721576018,4,0.38666666,222,0.0,2.046,0.8868685228265367,,,,
638,277.96445392826394,8,0.4,215,0.0,2.0999999999999988,0.8247164047824115,,,,
639,49.73441465140426,4,0.23111111,237,0.0,2.1499999999999995,0.8894123565730419,,,,
640,143.93387560832898,6,0.39555556,209,0.0,2.008,0.8880349594447275,3996.36800502287,0.04520678566538172,7988.994384765625,1.8256058543920517
641,210.56358186032014,7,0.38666666,212,0.0,2.0300000000000002,0.8998145426453279,,,,
642,-135.23703747893717,6,0.30222222,269,0.0,2.140999999999999,1.2070824985958015,,,,
643,130.40876747588666,5,0.40444446,212,0.0,2.073999999999999,0.9251755016075587,,,,
644,-70.60326108206792,4,0.29777777,249,0.0,2.1599999999999984,1.1278707388045213,,,,
645,-79.1388110755865,6,0.32444444,282,0.0,2.282999999999997,1.0320274050391058,,,,
646,67.32279612655293,5,0.35555556,228,0.0,2.0260000000000002,1.0177602582298022,,,,
647,83.75490446842333,6,0.31111112,215,0.0,2.059,0.9128997021051057,,,,
648,-63.63968952655288,4,0.32444444,264,0.0,2.294999999999996,0.9491793017701912,,,,
649,74.24891342792651,5,0.32,227,0.0,2.1099999999999985,1.0057524381382266,,,,
650,-87.79573271683554,6,0.27555555,272,0.0,2.2529999999999983,0.964968847789037,,,,
651,87.6813390396124,7,0.33777776,270,0.0,2.2619999999999956,0.9867907306925053,,,,
652,108.48254130932847,6,0.3511111,215,0.0,2.0209999999999995,0.930630579378097,,,,
653,68.49347067178427,6,0.28,213,0.0,2.086999999999997,0.9366219552143744,,,,
654,-207.15920956497956,5,0.33333334,281,0.0,2.1399999999999983,1.115440637665289,,,,
655,17.04335846993471,7,0.33777776,257,0.0,2.248999999999997,0.9181494353376812,,,,
656,-22.390646738246126,6,0.25777778,265,0.0,2.2089999999999983,0.9401497825497416,,,,
657,15.734370896949866,5,0.38666666,266,0.0,2.2109999999999985,0.9627752735366715,,,,
658,-90.7783300782096,6,0.3422222,272,0.0,2.2279999999999984,0.9717820052139706,,,,
659,-239.44610424801425,6,0.30666667,280,0.0,2.1439999999999975,1.1554202832009384,,,,
660,-207.92388239824191,4,0.24,261,0.0,2.0199999999999996,1.1912721598827969,,,,
661,10.12056744856821,4,0.27555555,241,0.0,2.065,0.9264955034287841,,,,
662,-268.01550964352396,3,0.25333333,267,0.0,2.095999999999999,1.210527309568263,,,,
663,32.13242247896096,5,0.31111112,216,0.0,2.0,0.9097851680692619,,,,
664,69.39964168132532,5,0.32444444,226,0.0,2.063,0.9718638879116399,,,,
665,95.02343165535311,6,0.35555556,250,0.0,2.2059999999999973,0.921237889643124,,,,
666,125.26245634366687,6,0.36888888,221,0.0,2.062999999999999,0.955089577088873,,,,
667,-246.00690052514224,5,0.20888889,257,0.0,2.0229999999999992,1.2076867016761401,,,,
668,27.606584573744765,5,0.31555554,217,0.0,2.0599999999999996,0.9970010284170068,,,,
669,-210.3058762176857,3,0.17333333,253,0.0,2.1039999999999974,1.2092984145123764,,,,
670,92.88912972099885,7,0.3288889,216,0.0,2.011999999999999,0.9650713519334039,,,,
671,-327.02368912795777,3,0.28,264,0.0,2.085999999999998,1.092405941863851,,,,
672,208.44892417320835,5,0.38222224,220,0.0,2.0809999999999995,0.832845055119431,2026.5950326828975,0.06625764656253508,4049.2049255371094,1.926312267780304
673,131.56564669479104,4,0.26666668,210,0.0,2.070999999999999,0.8245835536805973,,,,
674,210.7818926649315,7,0.3511111,238,0.0,2.218999999999997,0.9282471556712261,,,,
675,292.4176431163705,7,0.48444444,222,0.0,2.0520000000000005,0.8555971255752909,,,,
676,231.2460210876414,7,0.36,210,0.0,2.0679999999999987,0.8682119274905633,,,,
677,4.338178845195521,3,0.12444445,208,0.0,2.0089999999999995,0.8992947436536267,,,,
678,317.7303741430161,8,0.40444446,197,0.0,2.040999999999999,0.78789505713226,,,,
679,283.80785198020914,7,0.43555555,207,0.0,2.0270000000000006,0.7883832013193753,,,,
680,178.63734212200347,5,0.25777778,199,0.0,2.038,0.7917771918664335,,,,
681,237.0050797213132,5,0.3911111,195,0.0,2.0059999999999993,0.8042480185791128,,,,
682,206.10879346336088,6,0.3911111,227,0.0,2.1439999999999975,0.852240435775939,,,,
683,216.11281641065878,7,0.31555554,237,0.0,2.205999999999997,0.8878655726227442,,,,
684,146.0420939116972,5,0.2711111,225,0.0,2.147999999999997,0.8348737392201667,,,,
685,415.1209551543354,11,0.48444444,206,0.0,2.0729999999999986,0.8066029897109834,,,,
686,253.54361641362556,6,0.40888888,211,0.0,2.042,0.8198922390916261,,,,
687,240.99786560230052,7,0.34666666,216,0.0,2.042999999999999,0.8457956265133051,,,,
688,401.38671773230965,10,0.4977778,202,0.0,2.0469999999999993,0.8068054845126743,,,,
689,203.67555132464875,5,0.31555554,206,0.0,2.0599999999999996,0.8054165783567454,,,,
690,351.55018540094613,7,0.5644444,205,0.0,2.0070000000000006,0.8124943066035933,,,,
691,272.20716127562395,8,0.37333333,214,0.0,2.107999999999998,0.831229248291735,,,,
692,356.968839455629,8,0.49333334,199,0.0,2.0300000000000002,0.8008240362914095,,,,
693,366.0014142893805,8,0.56,199,0.0,2.02,0.7995590473746411,,,,
694,226.49731046847722,5,0.38222224,212,0.0,2.1,0.8410059687681806,,,,
695,189.3919096028828,6,0.33777776,236,0.0,2.171999999999997,0.8942460264744865,,,,
696,293.88034263685705,8,0.47111112,217,0.0,2.051,0.7972571575428696,,,,
697,210.2651656216108,6,0.33777776,235,0.0,2.215999999999997,0.8779489585592727,,,,
698,313.41509930260037,7,0.51555556,210,0.0,2.036999999999999,0.8298733798266418,,,,
699,387.3920639859058,10,0.47555557,206,0.0,2.0509999999999993,0.7980490676062821,,,,
700,414.5377805878565,11,0.48444444,206,0.0,2.1099999999999977,0.8391346274762265,,,,
701,169.39829864621336,4,0.29777777,208,0.0,2.057,0.7981400902524363,,,,
702,242.6612465534153,6,0.43555555,222,0.0,2.032,0.8412235631056405,,,,
703,332.59141772022326,9,0.42666668,198,0.0,2.014,0.8306788186518053,,,,
704,19.606883326865397,6,0.34666666,233,0.0,2.115999999999997,0.8919144448756415,3934.9181196468267,0.1488500463159257,7866.3004150390625,1.6190620809793472
705,-124.03983691264634,3,0.22222222,244,0.0,2.0399999999999996,0.8384424608430858,,,,
706,-100.96399487346436,4,0.29777777,248,0.0,2.0350000000000006,0.9178663248976169,,,,
707,-131.06507164356358,3,0.21333334,243,0.0,2.0050000000000012,0.8891914429042367,,,,
708,19.833934618093966,4,0.34666666,234,0.0,2.0150000000000006,0.9158710254603891,,,,
709,26.859644484355606,6,0.25777778,240,0.0,2.092999999999998,0.9112503677096273,,,,
710,-106.91594519167235,6,0.25777778,240,0.0,2.0170000000000003,0.8823696794448196,,,,
711,-146.2380132461338,5,0.29777777,256,0.0,2.084999999999999,0.9100542164089025,,,,
712,-118.82034765645454,2,0.13333334,239,0.0,2.0799999999999996,0.7909031770969643,,,,
713,-262.8431939125694,3,0.2888889,272,0.0,2.104999999999999,0.9659195941712834,,,,
714,-95.70215583232257,2,0.2488889,248,0.0,2.037000000000001,0.9381170554881682,,,,
715,1.8650435654657869,3,0.21333334,228,0.0,2.0069999999999997,0.8164637623022797,,,,
716,55.08330645703774,7,0.38222224,235,0.0,2.0439999999999996,0.9094862361974952,,,,
717,-46.91128394211186,6,0.33777776,245,0.0,2.0449999999999995,0.8753922628074492,,,,
718,-233.65263642092114,5,0.25333333,257,0.0,2.057999999999999,0.9222557613947328,,,,
719,-290.645922309769,2,0.29777777,264,0.0,2.028,0.928394820651256,,,,
720,-139.08875199891753,2,0.26666668,251,0.0,2.049,0.9087167999278297,,,,
721,-108.02979786955002,4,0.29333332,254,0.0,2.081999999999998,0.9628665246366607,,,,
722,-11.924993729194002,6,0.41777778,249,0.0,2.065,0.9379595819462583,,,,
723,12.326790833312169,4,0.38666666,234,0.0,2.0040000000000013,0.8860539444458607,,,,
724,-134.33431800485695,6,0.2888889,248,0.0,2.0309999999999997,0.9109012003237914,,,,
725,-247.3289584558501,5,0.26666668,261,0.0,2.0040000000000013,0.9039305637233298,,,,
726,146.9415829885505,6,0.3511111,227,0.0,2.074,0.9355478007632794,,,,
727,-66.31436037137945,5,0.2488889,242,0.0,2.006000000000001,0.9334906914252925,,,,
728,-151.0854902465329,3,0.24,244,0.0,2.0100000000000007,1.0246060164355284,,,,
729,73.07616769632575,8,0.29333332,247,0.0,2.128999999999998,0.9152421535782962,,,,
730,47.26707913706606,6,0.2,216,0.0,2.052999999999998,0.9255547241955892,,,,
731,120.07936663340533,6,0.45333335,235,0.0,2.084999999999999,0.8620155577729781,,,,
732,-218.90262317796638,4,0.2888889,257,0.0,2.0140000000000007,1.1009215451977545,,,,
733,-169.98936121806736,5,0.26666668,245,0.0,2.0100000000000007,0.9319574145378269,,,,
734,-6.6639194540425315,5,0.29333332,243,0.0,2.0889999999999986,0.9149279636028339,,,,
735,83.83680969713429,6,0.26222223,223,0.0,2.1209999999999987,0.8869593535243869,,,,
736,-115.6955144029303,4,0.26222223,277,0.0,2.247999999999996,1.0327676268620174,2112.284928932954,0.3316703719833898,4222.429534912109,0.7384911049157381
737,-77.29918089114078,3,0.20888889,263,0.0,2.2409999999999997,0.899812059409378,,,,
738,-216.68978829013622,4,0.16888888,252,0.0,2.073999999999998,1.0095325526757468,,,,
739,-50.82224371730582,3,0.27555555,259,0.0,2.194999999999999,0.9114562478203775,,,,
740,-216.12351719477815,4,0.2711111,271,0.0,2.1969999999999965,0.909461146318545,,,,
741,-154.53058982823444,4,0.2,249,0.0,2.0270000000000006,0.8352926552156223,,,,
742,-88.24547866710037,4,0.25333333,254,0.0,2.0530000000000013,0.8190585778066819,,,,
743,-312.00053745901545,1,0.10666667,322,0.0,2.5629999999999957,1.078355830601042,,,,
744,-333.03097549290055,1,0.17333333,264,0.0,2.165999999999999,0.8185183661933606,,,,
745,-107.87877093831638,1,0.16,254,0.0,2.195999999999998,0.875518062554422,,,,
746,-180.29582011780406,2,0.22666667,251,0.0,2.1569999999999996,0.8744680078536041,,,,
747,-49.80468671856806,3,0.26666668,252,0.0,2.199,0.8996724479045319,,,,
748,-328.9858322754723,2,0.19555555,260,0.0,2.0529999999999986,1.057215485031486,,,,
749,-185.11708660735792,4,0.20888889,258,0.0,2.0120000000000005,1.1070324404905172,,,,
750,-90.05345759776792,4,0.26222223,248,0.0,2.0849999999999986,0.8436438398511819,,,,
751,-108.76141782335155,5,0.26666668,264,0.0,2.2109999999999985,1.0020145215567702,,,,
752,-138.94020429400393,2,0.16444445,255,0.0,2.1819999999999995,0.8389736196002627,,,,
753,-100.00054879552697,3,0.16444445,256,0.0,2.305999999999996,0.9568632530351306,,,,
754,-355.8143262414138,4,0.18666667,314,0.0,2.4259999999999904,1.131408416094268,,,,
755,-252.4366887586201,4,0.17777778,266,0.0,2.173999999999998,1.0239925839080068,,,,
756,-22.181468655249517,4,0.24,250,0.0,2.1739999999999973,0.9350845770166223,,,,
757,-122.36113556366658,4,0.22222222,264,0.0,2.1910000000000003,0.9129823709111007,,,,
758,-45.29462214134149,4,0.24,255,0.0,2.2209999999999983,0.9756681427560983,,,,
759,-169.1417009434162,3,0.19555555,269,0.0,2.2119999999999993,0.9532600628944115,,,,
760,-162.27992709645878,5,0.28,272,0.0,2.2799999999999945,1.0780218064305844,,,,
761,-426.854162088742,6,0.20888889,301,0.0,2.2089999999999943,1.1883574725827966,,,,
762,-215.95072906647366,6,0.26666668,261,0.0,2.101999999999999,1.0529819377649061,,,,
763,-279.8342078292082,2,0.14666666,314,0.0,2.4319999999999973,1.0795871886138784,,,,
764,-84.47191677074122,4,0.18666667,250,0.0,2.1769999999999983,0.8370344513827493,,,,
765,-113.02817409725289,4,0.25333333,262,0.0,2.1959999999999966,0.9684116064835174,,,,
766,-277.8528311001289,2,0.14222223,306,0.0,2.4039999999999977,1.0881087400085998,,,,
767,-49.22528284721162,3,0.16888888,264,0.0,2.272999999999997,0.9292588564807716,,,,
768,-750.2501043957335,2,0.07111111,323,0.0,2.012000000000001,1.1221669597155453,8673.35338519178,0.003433788563997453,17345.907348632812,0.39627708680927753
769,-706.1374291437207,3,0.15555556,321,0.0,2.0290000000000004,1.0518819429147168,,,,
770,-790.0845726972336,1,0.08888889,326,0.0,2.0030000000000014,1.010038179815574,,,,
771,-750.3692737679446,2,0.11111111,328,0.0,2.0479999999999996,0.9686449178629514,,,,
772,-745.2057870379534,2,0.075555556,322,0.0,2.0030000000000014,1.145852469196904,,,,
773,-825.6062355384698,0,0.06666667,327,0.0,2.006000000000001,1.0974823692313018,,,,
774,-697.9022901085146,2,0.17777778,322,0.0,2.0320000000000005,1.1351660072342893,,,,
775,-760.468122429231,1,0.10666667,319,0.0,2.0010000000000017,1.024541495282047,,,,
776,-737.1298387076686,1,0.11111111,320,0.0,2.0090000000000012,0.9931625805112224,,,,
777,-769.8357991969046,1,0.06666667,320,0.0,2.0170000000000012,0.9529732797936487,,,,
778,-822.5485082834833,1,0.022222223,328,0.0,2.0040000000000013,1.0462205522322003,,,,
779,-678.1520048667323,3,0.13777778,324,0.0,2.035,1.0588269911154784,,,,
780,-818.8192612362375,0,0.075555556,325,0.0,2.010000000000001,1.0893907490824977,,,,
781,-727.5871294311528,2,0.12444445,319,0.0,2.016000000000001,0.9699952954101995,,,,
782,-780.6788887547875,1,0.09777778,324,0.0,2.0170000000000012,0.9898192503191641,,,,
783,-797.4541895416164,1,0.093333334,330,0.0,2.039,1.036705969441067,,,,
784,-664.9934106763599,4,0.16888888,316,0.0,2.012000000000001,1.0579073784239812,,,,
785,-789.0861680979705,2,0.044444446,328,0.0,2.012000000000001,0.958891206531354,,,,
786,-800.5762709335601,1,0.07111111,328,0.0,2.011000000000001,1.08631139557066,,,,
787,-720.5868731986006,2,0.12888889,325,0.0,2.0220000000000007,1.0295248799066985,,,,
788,-793.0690640044229,1,0.09777778,329,0.0,2.033000000000001,1.142870933628161,,,,
789,-662.7263343456461,3,0.17777778,322,0.0,2.0310000000000006,1.196982289709727,,,,
790,-778.3401778248735,1,0.09777778,325,0.0,2.019000000000001,0.9466518549915749,,,,
791,-813.843889442435,0,0.06666667,324,0.0,2.0180000000000007,0.9512459628289707,,,,
792,-743.5488734854582,1,0.13777778,322,0.0,2.0070000000000014,1.1100048990305633,,,,
793,-827.906353913238,0,0.053333335,328,0.0,2.022000000000001,0.9653835942158835,,,,
794,-755.8509349119707,2,0.12,326,0.0,2.0260000000000007,1.0208889941313692,,,,
795,-724.15881779131,2,0.13333334,321,0.0,2.0410000000000004,1.0841345194206555,,,,
796,-789.1197486575838,1,0.07111111,324,0.0,2.006000000000001,1.0729432438389042,,,,
797,-728.9686440463104,2,0.13777778,323,0.0,2.0260000000000007,1.077829603087343,,,,
798,-768.7626193029869,2,0.10222222,334,0.0,2.0759999999999987,1.028147953532477,,,,
799,-592.3408461582658,4,0.18666667,318,0.0,2.012000000000001,1.210509743884378,,,,
800,-762.1557757157443,2,0.12444445,324,0.0,2.010000000000001,1.2346517143829514,4280.095940940692,0.013174930266454776,8559.71224975586,0.22664113249629736
801,-767.0424840691281,1,0.10666667,330,0.0,2.0330000000000004,1.2736056046085484,,,,
802,-660.2963180343402,3,0.16,321,0.0,2.015000000000001,1.2354878689559843,,,,
803,-762.3990720321628,2,0.062222224,329,0.0,2.012000000000001,1.0491648021441826,,,,
804,-814.753577020427,1,0.08,333,0.0,2.039,1.2049318013618027,,,,
805,-763.2366194016794,2,0.13333334,328,0.0,2.0380000000000003,1.1323879601119344,,,,
806,-810.5615715476861,1,0.07111111,328,0.0,2.0050000000000017,1.1387181031790836,,,,
807,-812.6536857413698,1,0.075555556,333,0.0,2.0350000000000006,1.147259049424635,,,,
808,-739.3240312962531,3,0.10666667,327,0.0,2.021000000000001,1.219442086416857,,,,
809,-801.7402094561509,1,0.08888889,330,0.0,2.025000000000001,1.1027072970767346,,,,
810,-785.93183103497,2,0.08888889,332,0.0,2.042,1.1916954023313464,,,,
811,-756.9881513829995,2,0.11111111,330,0.0,2.04,1.2319567588666056,,,,
812,-799.7315298648766,1,0.09777778,328,0.0,2.0170000000000012,1.1552753243251197,,,,
813,-791.653518054974,2,0.075555556,328,0.0,2.012000000000001,1.5017012036649302,,,,
814,-762.1456982501602,2,0.13777778,326,0.0,2.028000000000001,1.1894732166773356,,,,
815,-821.4876322336254,1,0.062222224,332,0.0,2.025000000000001,1.0743221489083585,,,,
816,-738.05624268107,2,0.11111111,330,0.0,2.04,1.08433617873797,,,,
817,-782.0078748247994,1,0.12888889,326,0.0,2.019000000000001,1.1294583216532854,,,,
818,-792.1099460375467,1,0.09777778,328,0.0,2.0170000000000012,1.1612230691697576,,,,
819,-739.0049104878814,2,0.12888889,326,0.0,2.0260000000000002,1.1156073658587398,,,,
820,-790.3645835122707,2,0.07111111,329,0.0,2.016000000000001,1.6237455674847203,,,,
821,-795.6484900845968,1,0.09777778,327,0.0,2.0110000000000015,1.2249926723064724,,,,
822,-789.8052004960622,1,0.08,332,0.0,2.0310000000000006,1.179146699737488,,,,
823,-850.951262144435,0,0.07111111,334,0.0,2.0340000000000003,1.4308841429623138,,,,
824,-802.2723321703198,1,0.08444444,327,0.0,2.0050000000000017,1.0685821446879722,,,,
825,-811.0873407701577,1,0.07111111,328,0.0,2.0050000000000017,0.963769384677157,,,,
826,-777.9927495382731,2,0.08888889,329,0.0,2.0240000000000005,1.092876635884875,,,,
827,-823.2286498225016,1,0.06666667,332,0.0,2.0270000000000006,1.303243321500102,,,,
828,-735.7097102985556,2,0.13333334,323,0.0,2.006000000000001,1.2005140199037043,,,,
829,-801.3168209228237,1,0.08888889,330,0.0,2.025000000000001,0.9975747281882473,,,,
830,-783.7781237710105,2,0.075555556,329,0.0,2.0180000000000007,0.9629415847340282,,,,
831,-790.972959191243,2,0.093333334,333,0.0,2.0500000000000003,1.6653972794161849,,,,
832,-782.4643903879969,1,0.08444444,327,0.0,2.0050000000000017,1.2608793591997631,1806.9201501138027,6.2308784796683e-05,3613.548583984375,0.14579581283032894
833,-801.479149522341,1,0.10222222,327,0.0,2.0130000000000012,1.1271966348227103,,,,
834,-815.2875941239316,1,0.06666667,328,0.0,2.0030000000000014,0.9718929415954508,,,,
835,-738.3128722404427,3,0.10666667,325,0.0,2.0130000000000012,1.235311482696172,,,,
836,-790.5980685421378,2,0.07111111,331,0.0,2.0280000000000005,1.1194445694758424,,,,
837,-817.8471815845256,1,0.08,332,0.0,2.0330000000000004,1.311385438968373,,,,
838,-807.1158536792537,1,0.08,331,0.0,2.0270000000000006,1.1597502452835493,,,,
839,-810.0586396319076,1,0.08444444,332,0.0,2.0350000000000006,1.0980959754605033,,,,
840,-841.3796398414621,0,0.057777777,331,0.0,2.012000000000001,1.0213093227641261,,,,
841,-802.4629196480136,1,0.10222222,332,0.0,2.043,1.1487813098675626,,,,
842,-766.8423787242959,2,0.08444444,332,0.0,2.04,1.0655185816196948,,,,
843,-836.9704363521282,0,0.07111111,332,0.0,2.0240000000000005,1.096215756808554,,,,
844,-791.7901407766082,1,0.13333334,329,0.0,2.0370000000000004,1.3427027184405524,,,,
845,-806.7930449713604,1,0.09777778,329,0.0,2.023000000000001,1.2738029980906789,,,,
846,-836.8105611882936,0,0.07111111,331,0.0,2.0180000000000007,1.1829440792195876,,,,
847,-824.467767235639,0,0.08444444,328,0.0,2.006000000000001,1.0996644823759487,,,,
848,-725.0892363604783,3,0.12888889,324,0.0,2.0170000000000012,1.2511757573652125,,,,
849,-800.9909482066269,1,0.10222222,327,0.0,2.0130000000000012,1.2522232137751201,,,,
850,-794.3341212900832,1,0.11111111,330,0.0,2.0350000000000006,1.1173947526722237,,,,
851,-804.2593191180732,1,0.08,331,0.0,2.0270000000000006,1.2067812745382247,,,,
852,-749.9267431727103,2,0.12444445,324,0.0,2.010000000000001,1.182449544847345,,,,
853,-764.8014038042512,2,0.13333334,328,0.0,2.0380000000000003,1.4036935869500933,,,,
854,-824.582612500957,1,0.044444446,330,0.0,2.0050000000000017,0.9898275000637909,,,,
855,-832.2476992404364,1,0.04,333,0.0,2.021000000000001,0.965686616029083,,,,
856,-788.8850059565917,1,0.093333334,326,0.0,2.0030000000000014,1.1089203971061048,,,,
857,-773.9224724448338,2,0.10666667,332,0.0,2.05,1.0554181629889154,,,,
858,-806.0286780605509,1,0.093333334,331,0.0,2.0330000000000004,1.022098537370032,,,,
859,-814.7457775425402,1,0.08444444,334,0.0,2.045,1.0819051695026516,,,,
860,-805.7083714677558,1,0.08444444,327,0.0,2.0050000000000017,0.9891447645170489,,,,
861,-753.029833041801,2,0.13333334,324,0.0,2.014000000000001,1.0388422027867317,,,,
862,-824.3030308652013,1,0.062222224,332,0.0,2.023000000000001,1.1263353910133882,,,,
863,-795.7852247277254,1,0.11111111,326,0.0,2.0110000000000015,1.1539483151816872,,,,
864,-768.4306311124093,2,0.09777778,326,0.0,2.010000000000001,1.094575407493936,1163.1199551083037,0.001323204290295088,2326.0184020996094,0.10943085420876741
865,-832.1146971272915,1,0.044444446,333,0.0,2.021000000000001,1.0944998084860742,,,,
866,-798.0740577435049,1,0.08444444,328,0.0,2.0110000000000015,1.177390516233648,,,,
867,-800.8010845954774,1,0.08,328,0.0,2.0090000000000012,1.1650056396984765,,,,
868,-745.8751455521536,2,0.11111111,326,0.0,2.016000000000001,0.9880497034768986,,,,
869,-855.1301879957053,0,0.035555556,331,0.0,2.0020000000000016,1.0262258663803492,,,,
870,-803.1753922634394,1,0.10222222,330,0.0,2.029000000000001,1.1457728175626236,,,,
871,-743.2027328656576,2,0.12,326,0.0,2.020000000000001,1.3824755243771842,,,,
872,-802.8819644340512,1,0.08888889,330,0.0,2.025000000000001,1.142397628936746,,,,
873,-802.32507720493,1,0.11111111,328,0.0,2.0230000000000006,1.4053251469953165,,,,
874,-780.1705119918701,1,0.08888889,327,0.0,2.0050000000000017,1.1584607994579859,,,,
875,-764.0343377186434,2,0.08888889,331,0.0,2.036,1.3705825145762516,,,,
876,-765.3496396689296,2,0.093333334,326,0.0,2.0080000000000013,1.1948826445952816,,,,
877,-808.3826381854623,1,0.06666667,329,0.0,2.0090000000000012,1.032362545697464,,,,
878,-739.928819918635,3,0.093333334,327,0.0,2.019000000000001,1.497921327909006,,,,
879,-847.0118511199954,0,0.07111111,330,0.0,2.010000000000001,1.4370034079996838,,,,
880,-766.3768247230173,2,0.08888889,330,0.0,2.0300000000000002,1.1342949815344725,,,,
881,-819.3236069839052,1,0.057777777,331,0.0,2.019000000000001,1.1763737989270087,,,,
882,-805.3811852029055,1,0.08444444,332,0.0,2.0350000000000006,1.0618390135270086,,,,
883,-817.0906289129605,1,0.07111111,328,0.0,2.0050000000000017,1.261855260864005,,,,
884,-773.1699079538006,2,0.10666667,332,0.0,2.05,1.0401005302533763,,,,
885,-769.9361209660353,2,0.11111111,325,0.0,2.010000000000001,1.3747813977356942,,,,
886,-810.5213707648802,1,0.08444444,330,0.0,2.023000000000001,0.9909980509920114,,,,
887,-856.363014620116,0,0.044444446,331,0.0,2.006000000000001,1.1823876413410528,,,,
888,-790.6884736446284,2,0.093333334,334,0.0,2.054,1.4286449096418976,,,,
889,-784.3059205119121,2,0.10222222,332,0.0,2.0479999999999996,1.4549280341274375,,,,
890,-818.0820461130827,1,0.06666667,334,0.0,2.0370000000000004,1.1778964075388347,,,,
891,-816.0611220224457,1,0.075555556,330,0.0,2.019000000000001,1.217941468163044,,,,
892,-800.5867888903892,1,0.11111111,326,0.0,2.0110000000000015,1.4177325926926163,,,,
893,-863.2028258546144,0,0.022222223,332,0.0,2.0020000000000016,0.9180550569742855,,,,
894,-817.0711549376404,0,0.09777778,326,0.0,2.0000000000000013,1.2251169958426629,,,,
895,-789.0155523041637,1,0.07111111,330,0.0,2.015000000000001,1.299756820277595,,,,
896,-769.4964709517714,3,0.08,334,0.0,2.053,1.0902447301180875,1069.6131524453272,0.2156028118628388,2138.5858154296875,0.104641918620473
897,-823.0756834057103,1,0.057777777,331,0.0,2.015000000000001,1.0800055603806515,,,,
898,-790.486163078612,1,0.12444445,329,0.0,2.0370000000000004,0.9750508719074699,,,,
899,-779.7497636987719,2,0.12,323,0.0,2.0020000000000016,0.9471042465848032,,,,
900,-803.9513966662226,1,0.09777778,328,0.0,2.0170000000000012,1.0807331110815008,,,,
901,-848.6903008912068,0,0.057777777,332,0.0,2.0180000000000007,1.0932733927471114,,,,
902,-842.2095729484657,0,0.062222224,331,0.0,2.016000000000001,1.026931529897697,,,,
903,-805.9663663174156,2,0.08444444,329,0.0,2.0220000000000007,0.927037754494366,,,,
904,-780.982361256627,1,0.115555555,326,0.0,2.015000000000001,0.9653574171084599,,,,
905,-840.6072168360034,1,0.022222223,331,0.0,2.014000000000001,1.3431211224002038,,,,
906,-789.9171645749938,0,0.16,326,0.0,2.0280000000000005,0.9623176383328929,,,,
907,-693.2527042471553,3,0.19111112,319,0.0,2.0220000000000007,0.9471936164770012,,,,
908,-735.1948729791096,2,0.16,323,0.0,2.020000000000001,0.9458448652739806,,,,
909,-849.683370398528,0,0.062222224,330,0.0,2.0080000000000013,1.1982513599018574,,,,
910,-786.3071889561148,1,0.13333334,329,0.0,2.039,0.9690925970743135,,,,
911,-778.7326065465061,1,0.12444445,326,0.0,2.0170000000000012,0.9583337697670534,,,,
912,-746.7533914981323,2,0.14222223,325,0.0,2.0350000000000006,0.9638794332088106,,,,
913,-862.9358778547507,0,0.04,332,0.0,2.0080000000000013,1.4622318569833892,,,,
914,-796.9801740322932,1,0.11111111,329,0.0,2.029000000000001,0.9638249354861959,,,,
915,-841.2568484110636,0,0.07111111,332,0.0,2.0260000000000007,1.0354698940709037,,,,
916,-843.3161527479015,0,0.06666667,331,0.0,2.016000000000001,0.9672101831934267,,,,
917,-763.7163941437244,3,0.07111111,330,0.0,2.0270000000000006,1.0227196095816073,,,,
918,-825.6493842098122,0,0.08888889,330,0.0,2.0180000000000007,0.9790256139874721,,,,
919,-791.2877268496692,1,0.12,328,0.0,2.029000000000001,0.9642217899779291,,,,
920,-850.4652607406812,0,0.053333335,332,0.0,2.016000000000001,0.9716040493787379,,,,
921,-826.7809911755701,0,0.093333334,328,0.0,2.010000000000001,0.9684394117046681,,,,
922,-794.9566131807553,1,0.115555555,329,0.0,2.0310000000000006,0.9715342120503557,,,,
923,-775.9589061846568,2,0.11111111,329,0.0,2.0340000000000003,1.4522470789771036,,,,
924,-777.7039459552344,2,0.08888889,328,0.0,2.020000000000001,1.0786097303489632,,,,
925,-836.7064571656155,2,0.022222223,331,0.0,2.006000000000001,0.9450171443743691,,,,
926,-764.7716721414806,2,0.12888889,328,0.0,2.036,0.9609914760987122,,,,
927,-754.4115011323904,2,0.10666667,324,0.0,2.0020000000000016,0.9474600754927005,,,,
928,-864.915300851937,0,0.035555556,334,0.0,2.0180000000000007,1.1542467234624598,1091.3403249415794,-3.525531551995531e-05,2182.6805267333984,9.683019564477036e-05
929,-829.7066619055583,1,0.04,331,0.0,2.0090000000000012,1.2262307937038919,,,,
930,-777.1417880403894,2,0.093333334,326,0.0,2.0080000000000013,1.068812536025948,,,,
931,-854.5207018846081,0,0.057777777,330,0.0,2.006000000000001,1.3761001256405305,,,,
932,-866.732705928832,0,0.017777778,334,0.0,2.010000000000001,0.7057003952554649,,,,
933,-879.2265623047001,0,0.008888889,334,0.0,2.006000000000001,1.2540908203133203,,,,
934,-871.8712226483774,0,0.013333334,333,0.0,2.0040000000000013,1.1297615098918208,,,,
935,-869.7245062158961,0,0.022222223,333,0.0,2.0080000000000013,1.2713937477263915,,,,
936,-864.4160395328087,0,0.026666667,333,0.0,2.010000000000001,1.0599493021872388,,,,
937,-829.5637509712384,1,0.04888889,330,0.0,2.0070000000000014,1.1834500647492316,,,,
938,-834.6167769612939,1,0.057777777,331,0.0,2.0170000000000012,1.7245051307529111,,,,
939,-853.9612881029451,0,0.057777777,330,0.0,2.006000000000001,1.47224587352969,,,,
940,-819.3591535205392,1,0.06666667,330,0.0,2.015000000000001,0.9406635680359429,,,,
941,-784.5534430547543,2,0.08,327,0.0,2.0080000000000013,1.051056203650282,,,,
942,-835.5236168879059,1,0.044444446,331,0.0,2.0170000000000012,1.384694459193721,,,,
943,-880.6468228917319,0,0.013333334,334,0.0,2.0080000000000013,1.491014859448796,,,,
944,-833.1278246510033,1,0.053333335,333,0.0,2.0270000000000006,1.4521749767335401,,,,
945,-840.1739511950408,1,0.026666667,333,0.0,2.015000000000001,1.0664767463360507,,,,
946,-842.9027762993043,1,0.026666667,333,0.0,2.015000000000001,1.248265086620288,,,,
947,-842.1923670886772,1,0.017777778,333,0.0,2.0110000000000015,0.9159178059118076,,,,
948,-860.145258835067,0,0.031111112,333,0.0,2.012000000000001,0.9177372556711152,,,,
949,-847.1438630552323,1,0.013333334,333,0.0,2.0090000000000012,1.1035375370154756,,,,
950,-867.8311369365948,0,0.017777778,332,0.0,2.0000000000000013,1.0843157957729816,,,,
951,-825.9069773154237,1,0.04,330,0.0,2.0030000000000014,0.9207584876949128,,,,
952,-821.7837157301266,1,0.06666667,330,0.0,2.015000000000001,1.1028343820084234,,,,
953,-829.8919431608713,1,0.04888889,332,0.0,2.019000000000001,1.0422628773914198,,,,
954,-825.9558548284494,1,0.062222224,331,0.0,2.019000000000001,1.2891369885632935,,,,
955,-864.4665163416912,0,0.035555556,332,0.0,2.0080000000000013,1.296327756112753,,,,
956,-828.6347612381885,1,0.04888889,330,0.0,2.0070000000000014,1.3882374158792317,,,,
957,-795.6543718948793,2,0.06666667,329,0.0,2.014000000000001,1.3317581263252827,,,,
958,-817.1441677922179,1,0.04888889,327,0.0,2.0080000000000013,1.2912378528145247,,,,
959,-803.2267004716722,2,0.04888889,331,0.0,2.0180000000000007,1.236340031444812,,,,
960,-847.5324936106123,1,0.022222223,334,0.0,2.0170000000000012,1.1905662407074669,788.8024796257411,1.702623445010154e-07,1577.6049499511719,4.479892794506668e-06
961,-856.1047211535122,0,0.04,334,0.0,2.020000000000001,0.7094347435674596,,,,
962,-831.3534183147656,2,0.044444446,329,0.0,2.0040000000000013,1.4646812209843774,,,,
963,-837.1853378242168,1,0.044444446,334,0.0,2.0270000000000006,1.2138225216144374,,,,
964,-865.8543194310714,0,0.035555556,333,0.0,2.014000000000001,1.4409012954047424,,,,
965,-814.9712056190932,1,0.08444444,329,0.0,2.0170000000000012,1.3013337079395249,,,,
966,-860.9581275501657,0,0.035555556,334,0.0,2.0180000000000007,0.8904351700110463,,,,
967,-825.0023872704145,2,0.053333335,329,0.0,2.0080000000000013,1.1936524846943088,,,,
968,-846.258632442888,1,0.022222223,332,0.0,2.0070000000000014,1.4109754961925396,,,,
969,-825.4632712991227,1,0.06666667,332,0.0,2.0270000000000006,1.3176847532748424,,,,
970,-854.6965382538145,0,0.044444446,331,0.0,2.006000000000001,1.0116625502543135,,,,
971,-834.6663933205006,1,0.031111112,332,0.0,2.0110000000000015,0.9233862213667072,,,,
972,-827.4165565684425,1,0.062222224,333,0.0,2.0310000000000006,1.3585971045628402,,,,
973,-882.6756080481234,0,0.008888889,334,0.0,2.0040000000000013,1.4751738698748993,,,,
974,-830.5431816096298,1,0.053333335,331,0.0,2.015000000000001,1.3100254406419842,,,,
975,-857.8300150810833,0,0.035555556,333,0.0,2.014000000000001,0.9059476720722089,,,,
976,-848.5304727486558,1,0.013333334,332,0.0,2.0030000000000014,1.4108848499103708,,,,
977,-830.0203419510187,1,0.044444446,330,0.0,2.0050000000000017,1.3377027967345905,,,,
978,-843.625625559741,1,0.017777778,332,0.0,2.0050000000000017,1.226295037316059,,,,
979,-838.4143806037183,1,0.026666667,333,0.0,2.015000000000001,0.9490387069145627,,,,
980,-875.8202129872831,0,0.008888889,334,0.0,2.006000000000001,1.0270008658188758,,,,
981,-825.4158703680183,2,0.053333335,331,0.0,2.020000000000001,1.3245246912012223,,,,
982,-875.672955196675,0,0.013333334,333,0.0,2.0040000000000013,1.383210346444999,,,,
983,-862.7491212032721,0,0.022222223,333,0.0,2.0080000000000013,0.8063680802181198,,,,
984,-845.9275254549364,1,0.022222223,334,0.0,2.0170000000000012,1.083435030329072,,,,
985,-855.9159518590808,0,0.04,332,0.0,2.010000000000001,1.0023967906053868,,,,
986,-875.7171772986989,0,0.008888889,333,0.0,2.0020000000000016,1.2438651532465603,,,,
987,-849.1471413582502,1,0.022222223,334,0.0,2.0170000000000012,1.2982094238833397,,,,
988,-826.5016949492249,1,0.035555556,328,0.0,2.0020000000000016,1.3746196632816232,,,,
989,-826.980974342638,1,0.06666667,334,0.0,2.0370000000000004,1.2480649561758377,,,,
990,-870.1010543174235,0,0.022222223,332,0.0,2.0040000000000013,1.3870569544948876,,,,
991,-865.0774437217088,0,0.035555556,332,0.0,2.0080000000000013,1.3370562481139145,,,,
992,-854.3223469746941,0,0.053333335,331,0.0,2.010000000000001,1.2721031316462756,,,,
993,-859.7902351027335,0,0.04888889,334,0.0,2.0240000000000005,1.2404156735155567,,,,
994,-836.4183116905508,1,0.04,334,0.0,2.025000000000001,1.0199407793700528,,,,
995,-836.1661496007354,1,0.044444446,330,0.0,2.0050000000000017,1.4808099733823459,,,,
996,-849.1050011625741,0,0.062222224,330,0.0,2.0080000000000013,1.2913200775049254,,,,
997,-828.5941637123997,1,0.053333335,333,0.0,2.0270000000000006,1.1500642474933083,,,,
998,-862.1826094434196,0,0.04888889,334,0.0,2.0240000000000005,1.399907296227958,,,,
999,-873.7310251358854,0,0.026666667,334,0.0,2.014000000000001,1.4570016757256883,,,,
